	SampleName	OriginalSampleName	SiteName	Country	Longitude	Latitude	Elevation	LocationReliability	LocationNotes	SampleType	SampleMethod	AgeBP	AgeUncertainty	ispercent	EMPD_version	Publication1	Worker1_Role	Worker1_LastName	Worker1_Initials	Worker1_FirstName	Worker1_Address1	Worker1_Email1	Temperature	Precipitation	nat_earth	empd_countries	okexcept(Country)	Country_ok
0	Dambach_a1	1	Waldviertel	Germany	15.45	48.3167	500	C	Same locations used for multiple sites at multiple altitudes; need to check PhD thesis for additional location information (BD)	moss	hand picking	-45	A	False	EMPD1	Dambach, K. 2000: Ein Versuch zur Quantifizierung der gerodeten Landoberflache einzelner Landschaften Mitteleuropas mit Hilfe der Pollenanalyse. Dissertationes botanicae 336.	R/A	Dambach	K.	Karin	No information available	dambach@uni-hohenheim.de	-1.1,0.1,4.1,7.8,12.5,15.8,17.4,16.8,13.0,8.7,3.3,-0.2,-0.4,8.13,16.67,8.33,8.18	31.0,33.0,42.0,55.0,75.0,91.0,96.0,81.0,57.0,41.0,49.0,39.0,103.0,172.0,268.0,147.0,690.0	Austria	Austria	False	False
1	Dambach_a10	10	Waldviertel	Germany	15.45	48.3167	511	C	Same locations used for multiple sites at multiple altitudes; need to check PhD thesis for additional location information (BD)	moss	hand picking	-45	A	False	EMPD1	Dambach, K. 2000: Ein Versuch zur Quantifizierung der gerodeten Landoberflache einzelner Landschaften Mitteleuropas mit Hilfe der Pollenanalyse. Dissertationes botanicae 336.	R/A	Dambach	K.	Karin	No information available	dambach@uni-hohenheim.de	-1.1,0.1,4.1,7.8,12.5,15.8,17.4,16.8,13.0,8.7,3.3,-0.2,-0.4,8.13,16.67,8.33,8.18	31.0,33.0,42.0,55.0,75.0,91.0,96.0,81.0,57.0,41.0,49.0,39.0,103.0,172.0,268.0,147.0,690.0	Austria	Austria	False	False
2	Dambach_a11	11	Waldviertel	Germany	15.45	48.3167	511	C	Same locations used for multiple sites at multiple altitudes; need to check PhD thesis for additional location information (BD)	moss	hand picking	-45	A	False	EMPD1	Dambach, K. 2000: Ein Versuch zur Quantifizierung der gerodeten Landoberflache einzelner Landschaften Mitteleuropas mit Hilfe der Pollenanalyse. Dissertationes botanicae 336.	R/A	Dambach	K.	Karin	No information available	dambach@uni-hohenheim.de	-1.1,0.1,4.1,7.8,12.5,15.8,17.4,16.8,13.0,8.7,3.3,-0.2,-0.4,8.13,16.67,8.33,8.18	31.0,33.0,42.0,55.0,75.0,91.0,96.0,81.0,57.0,41.0,49.0,39.0,103.0,172.0,268.0,147.0,690.0	Austria	Austria	False	False
3	Dambach_a12	12	Waldviertel	Germany	15.45	48.3167	511	C	Same locations used for multiple sites at multiple altitudes; need to check PhD thesis for additional location information (BD)	moss	hand picking	-45	A	False	EMPD1	Dambach, K. 2000: Ein Versuch zur Quantifizierung der gerodeten Landoberflache einzelner Landschaften Mitteleuropas mit Hilfe der Pollenanalyse. Dissertationes botanicae 336.	R/A	Dambach	K.	Karin	No information available	dambach@uni-hohenheim.de	-1.1,0.1,4.1,7.8,12.5,15.8,17.4,16.8,13.0,8.7,3.3,-0.2,-0.4,8.13,16.67,8.33,8.18	31.0,33.0,42.0,55.0,75.0,91.0,96.0,81.0,57.0,41.0,49.0,39.0,103.0,172.0,268.0,147.0,690.0	Austria	Austria	False	False
4	Dambach_a13	13	Waldviertel	Germany	15.45	48.3167	790	C	Same locations used for multiple sites at multiple altitudes; need to check PhD thesis for additional location information (BD)	moss	hand picking	-45	A	False	EMPD1	Dambach, K. 2000: Ein Versuch zur Quantifizierung der gerodeten Landoberflache einzelner Landschaften Mitteleuropas mit Hilfe der Pollenanalyse. Dissertationes botanicae 336.	R/A	Dambach	K.	Karin	No information available	dambach@uni-hohenheim.de	-1.1,0.1,4.1,7.8,12.5,15.8,17.4,16.8,13.0,8.7,3.3,-0.2,-0.4,8.13,16.67,8.33,8.18	31.0,33.0,42.0,55.0,75.0,91.0,96.0,81.0,57.0,41.0,49.0,39.0,103.0,172.0,268.0,147.0,690.0	Austria	Austria	False	False
5	Dambach_a14	14	Waldviertel	Germany	15.45	48.3167	790	C	Same locations used for multiple sites at multiple altitudes; need to check PhD thesis for additional location information (BD)	moss	hand picking	-45	A	False	EMPD1	Dambach, K. 2000: Ein Versuch zur Quantifizierung der gerodeten Landoberflache einzelner Landschaften Mitteleuropas mit Hilfe der Pollenanalyse. Dissertationes botanicae 336.	R/A	Dambach	K.	Karin	No information available	dambach@uni-hohenheim.de	-1.1,0.1,4.1,7.8,12.5,15.8,17.4,16.8,13.0,8.7,3.3,-0.2,-0.4,8.13,16.67,8.33,8.18	31.0,33.0,42.0,55.0,75.0,91.0,96.0,81.0,57.0,41.0,49.0,39.0,103.0,172.0,268.0,147.0,690.0	Austria	Austria	False	False
6	Dambach_a15	15	Waldviertel	Germany	15.45	48.3167	790	C	Same locations used for multiple sites at multiple altitudes; need to check PhD thesis for additional location information (BD)	moss	hand picking	-45	A	False	EMPD1	Dambach, K. 2000: Ein Versuch zur Quantifizierung der gerodeten Landoberflache einzelner Landschaften Mitteleuropas mit Hilfe der Pollenanalyse. Dissertationes botanicae 336.	R/A	Dambach	K.	Karin	No information available	dambach@uni-hohenheim.de	-1.1,0.1,4.1,7.8,12.5,15.8,17.4,16.8,13.0,8.7,3.3,-0.2,-0.4,8.13,16.67,8.33,8.18	31.0,33.0,42.0,55.0,75.0,91.0,96.0,81.0,57.0,41.0,49.0,39.0,103.0,172.0,268.0,147.0,690.0	Austria	Austria	False	False
7	Dambach_a16	16	Waldviertel	Germany	15.45	48.3167	790	C	Same locations used for multiple sites at multiple altitudes; need to check PhD thesis for additional location information (BD)	moss	hand picking	-45	A	False	EMPD1	Dambach, K. 2000: Ein Versuch zur Quantifizierung der gerodeten Landoberflache einzelner Landschaften Mitteleuropas mit Hilfe der Pollenanalyse. Dissertationes botanicae 336.	R/A	Dambach	K.	Karin	No information available	dambach@uni-hohenheim.de	-1.1,0.1,4.1,7.8,12.5,15.8,17.4,16.8,13.0,8.7,3.3,-0.2,-0.4,8.13,16.67,8.33,8.18	31.0,33.0,42.0,55.0,75.0,91.0,96.0,81.0,57.0,41.0,49.0,39.0,103.0,172.0,268.0,147.0,690.0	Austria	Austria	False	False
8	Dambach_a162	162	Waldviertel	Germany	15.1667	48.5333	710	C	Same locations used for multiple sites at multiple altitudes; need to check PhD thesis for additional location information (BD)	moss	hand picking	-45	A	False	EMPD1	Dambach, K. 2000: Ein Versuch zur Quantifizierung der gerodeten Landoberflache einzelner Landschaften Mitteleuropas mit Hilfe der Pollenanalyse. Dissertationes botanicae 336.	R/A	Dambach	K.	Karin	No information available	dambach@uni-hohenheim.de	-2.8,-1.8,1.6,5.9,11.3,14.1,16.0,16.0,11.6,6.5,1.2,-1.7,-2.1,6.27,15.37,6.43,6.49	43.0,42.0,55.0,63.0,81.0,100.0,111.0,91.0,64.0,47.0,56.0,51.0,136.0,199.0,302.0,167.0,804.0	Austria	Austria	False	False
9	Dambach_a163	163	Waldviertel	Germany	15.1667	48.5333	710	C	Same locations used for multiple sites at multiple altitudes; need to check PhD thesis for additional location information (BD)	moss	hand picking	-45	A	False	EMPD1	Dambach, K. 2000: Ein Versuch zur Quantifizierung der gerodeten Landoberflache einzelner Landschaften Mitteleuropas mit Hilfe der Pollenanalyse. Dissertationes botanicae 336.	R/A	Dambach	K.	Karin	No information available	dambach@uni-hohenheim.de	-2.8,-1.8,1.6,5.9,11.3,14.1,16.0,16.0,11.6,6.5,1.2,-1.7,-2.1,6.27,15.37,6.43,6.49	43.0,42.0,55.0,63.0,81.0,100.0,111.0,91.0,64.0,47.0,56.0,51.0,136.0,199.0,302.0,167.0,804.0	Austria	Austria	False	False
10	Dambach_a164	164	Waldviertel	Germany	15.1667	48.5333	710	C	Same locations used for multiple sites at multiple altitudes; need to check PhD thesis for additional location information (BD)	moss	hand picking	-45	A	False	EMPD1	Dambach, K. 2000: Ein Versuch zur Quantifizierung der gerodeten Landoberflache einzelner Landschaften Mitteleuropas mit Hilfe der Pollenanalyse. Dissertationes botanicae 336.	R/A	Dambach	K.	Karin	No information available	dambach@uni-hohenheim.de	-2.8,-1.8,1.6,5.9,11.3,14.1,16.0,16.0,11.6,6.5,1.2,-1.7,-2.1,6.27,15.37,6.43,6.49	43.0,42.0,55.0,63.0,81.0,100.0,111.0,91.0,64.0,47.0,56.0,51.0,136.0,199.0,302.0,167.0,804.0	Austria	Austria	False	False
11	Dambach_a165	165	Waldviertel	Germany	15.1667	48.5333	710	C	Same locations used for multiple sites at multiple altitudes; need to check PhD thesis for additional location information (BD)	moss	hand picking	-45	A	False	EMPD1	Dambach, K. 2000: Ein Versuch zur Quantifizierung der gerodeten Landoberflache einzelner Landschaften Mitteleuropas mit Hilfe der Pollenanalyse. Dissertationes botanicae 336.	R/A	Dambach	K.	Karin	No information available	dambach@uni-hohenheim.de	-2.8,-1.8,1.6,5.9,11.3,14.1,16.0,16.0,11.6,6.5,1.2,-1.7,-2.1,6.27,15.37,6.43,6.49	43.0,42.0,55.0,63.0,81.0,100.0,111.0,91.0,64.0,47.0,56.0,51.0,136.0,199.0,302.0,167.0,804.0	Austria	Austria	False	False
12	Dambach_a166	166	Waldviertel	Germany	15.1667	48.5333	710	C	Same locations used for multiple sites at multiple altitudes; need to check PhD thesis for additional location information (BD)	moss	hand picking	-45	A	False	EMPD1	Dambach, K. 2000: Ein Versuch zur Quantifizierung der gerodeten Landoberflache einzelner Landschaften Mitteleuropas mit Hilfe der Pollenanalyse. Dissertationes botanicae 336.	R/A	Dambach	K.	Karin	No information available	dambach@uni-hohenheim.de	-2.8,-1.8,1.6,5.9,11.3,14.1,16.0,16.0,11.6,6.5,1.2,-1.7,-2.1,6.27,15.37,6.43,6.49	43.0,42.0,55.0,63.0,81.0,100.0,111.0,91.0,64.0,47.0,56.0,51.0,136.0,199.0,302.0,167.0,804.0	Austria	Austria	False	False
13	Dambach_a17	17	Waldviertel	Germany	15.3833	48.3833	790	C	Same locations used for multiple sites at multiple altitudes; need to check PhD thesis for additional location information (BD)	moss	hand picking	-45	A	False	EMPD1	Dambach, K. 2000: Ein Versuch zur Quantifizierung der gerodeten Landoberflache einzelner Landschaften Mitteleuropas mit Hilfe der Pollenanalyse. Dissertationes botanicae 336.	R/A	Dambach	K.	Karin	No information available	dambach@uni-hohenheim.de	-1.5,-0.5,3.1,6.5,11.1,14.3,16.0,15.7,12.1,8.1,2.5,-0.5,-0.83,6.9,15.33,7.57,7.24	41.0,41.0,52.0,63.0,83.0,102.0,111.0,92.0,67.0,48.0,56.0,49.0,131.0,198.0,305.0,171.0,805.0	Austria	Austria	False	False
14	Dambach_a18	18	Waldviertel	Germany	15.3833	48.3833	790	C	Same locations used for multiple sites at multiple altitudes; need to check PhD thesis for additional location information (BD)	moss	hand picking	-45	A	False	EMPD1	Dambach, K. 2000: Ein Versuch zur Quantifizierung der gerodeten Landoberflache einzelner Landschaften Mitteleuropas mit Hilfe der Pollenanalyse. Dissertationes botanicae 336.	R/A	Dambach	K.	Karin	No information available	dambach@uni-hohenheim.de	-1.5,-0.5,3.1,6.5,11.1,14.3,16.0,15.7,12.1,8.1,2.5,-0.5,-0.83,6.9,15.33,7.57,7.24	41.0,41.0,52.0,63.0,83.0,102.0,111.0,92.0,67.0,48.0,56.0,49.0,131.0,198.0,305.0,171.0,805.0	Austria	Austria	False	False
15	Dambach_a182	182	Waldviertel	Germany	15.2	48.55	650	C	Same locations used for multiple sites at multiple altitudes; need to check PhD thesis for additional location information (BD)	moss	hand picking	-45	A	False	EMPD1	Dambach, K. 2000: Ein Versuch zur Quantifizierung der gerodeten Landoberflache einzelner Landschaften Mitteleuropas mit Hilfe der Pollenanalyse. Dissertationes botanicae 336.	R/A	Dambach	K.	Karin	No information available	dambach@uni-hohenheim.de	-2.8,-1.7,1.8,6.1,11.5,14.3,16.2,16.2,11.7,6.6,1.3,-1.6,-2.03,6.47,15.57,6.53,6.63	41.0,40.0,52.0,62.0,78.0,98.0,106.0,88.0,62.0,46.0,54.0,48.0,129.0,192.0,292.0,162.0,775.0	Austria	Austria	False	False
16	Dambach_a183	183	Waldviertel	Germany	15.2	48.55	650	C	Same locations used for multiple sites at multiple altitudes; need to check PhD thesis for additional location information (BD)	moss	hand picking	-45	A	False	EMPD1	Dambach, K. 2000: Ein Versuch zur Quantifizierung der gerodeten Landoberflache einzelner Landschaften Mitteleuropas mit Hilfe der Pollenanalyse. Dissertationes botanicae 336.	R/A	Dambach	K.	Karin	No information available	dambach@uni-hohenheim.de	-2.8,-1.7,1.8,6.1,11.5,14.3,16.2,16.2,11.7,6.6,1.3,-1.6,-2.03,6.47,15.57,6.53,6.63	41.0,40.0,52.0,62.0,78.0,98.0,106.0,88.0,62.0,46.0,54.0,48.0,129.0,192.0,292.0,162.0,775.0	Austria	Austria	False	False
17	Dambach_a184	184	Waldviertel	Germany	15.2	48.55	650	C	Same locations used for multiple sites at multiple altitudes; need to check PhD thesis for additional location information (BD)	moss	hand picking	-45	A	False	EMPD1	Dambach, K. 2000: Ein Versuch zur Quantifizierung der gerodeten Landoberflache einzelner Landschaften Mitteleuropas mit Hilfe der Pollenanalyse. Dissertationes botanicae 336.	R/A	Dambach	K.	Karin	No information available	dambach@uni-hohenheim.de	-2.8,-1.7,1.8,6.1,11.5,14.3,16.2,16.2,11.7,6.6,1.3,-1.6,-2.03,6.47,15.57,6.53,6.63	41.0,40.0,52.0,62.0,78.0,98.0,106.0,88.0,62.0,46.0,54.0,48.0,129.0,192.0,292.0,162.0,775.0	Austria	Austria	False	False
18	Dambach_a185	185	Waldviertel	Germany	15.2	48.55	650	C	Same locations used for multiple sites at multiple altitudes; need to check PhD thesis for additional location information (BD)	moss	hand picking	-45	A	False	EMPD1	Dambach, K. 2000: Ein Versuch zur Quantifizierung der gerodeten Landoberflache einzelner Landschaften Mitteleuropas mit Hilfe der Pollenanalyse. Dissertationes botanicae 336.	R/A	Dambach	K.	Karin	No information available	dambach@uni-hohenheim.de	-2.8,-1.7,1.8,6.1,11.5,14.3,16.2,16.2,11.7,6.6,1.3,-1.6,-2.03,6.47,15.57,6.53,6.63	41.0,40.0,52.0,62.0,78.0,98.0,106.0,88.0,62.0,46.0,54.0,48.0,129.0,192.0,292.0,162.0,775.0	Austria	Austria	False	False
19	Dambach_a186	186	Waldviertel	Germany	15.2	48.55	650	C	Same locations used for multiple sites at multiple altitudes; need to check PhD thesis for additional location information (BD)	moss	hand picking	-45	A	False	EMPD1	Dambach, K. 2000: Ein Versuch zur Quantifizierung der gerodeten Landoberflache einzelner Landschaften Mitteleuropas mit Hilfe der Pollenanalyse. Dissertationes botanicae 336.	R/A	Dambach	K.	Karin	No information available	dambach@uni-hohenheim.de	-2.8,-1.7,1.8,6.1,11.5,14.3,16.2,16.2,11.7,6.6,1.3,-1.6,-2.03,6.47,15.57,6.53,6.63	41.0,40.0,52.0,62.0,78.0,98.0,106.0,88.0,62.0,46.0,54.0,48.0,129.0,192.0,292.0,162.0,775.0	Austria	Austria	False	False
20	Dambach_a187	187	Waldviertel	Germany	15.5167	48.55	580	C	Same locations used for multiple sites at multiple altitudes; need to check PhD thesis for additional location information (BD)	moss	hand picking	-45	A	False	EMPD1	Dambach, K. 2000: Ein Versuch zur Quantifizierung der gerodeten Landoberflache einzelner Landschaften Mitteleuropas mit Hilfe der Pollenanalyse. Dissertationes botanicae 336.	R/A	Dambach	K.	Karin	No information available	dambach@uni-hohenheim.de	-1.7,-0.9,3.0,6.5,11.4,14.5,16.3,16.3,12.4,7.8,2.4,-1.1,-1.23,6.97,15.7,7.53,7.24	33.0,34.0,45.0,52.0,73.0,93.0,96.0,79.0,55.0,41.0,51.0,41.0,108.0,170.0,268.0,147.0,693.0	Austria	Austria	False	False
21	Dambach_a188	188	Waldviertel	Germany	15.5167	48.55	580	C	Same locations used for multiple sites at multiple altitudes; need to check PhD thesis for additional location information (BD)	moss	hand picking	-45	A	False	EMPD1	Dambach, K. 2000: Ein Versuch zur Quantifizierung der gerodeten Landoberflache einzelner Landschaften Mitteleuropas mit Hilfe der Pollenanalyse. Dissertationes botanicae 336.	R/A	Dambach	K.	Karin	No information available	dambach@uni-hohenheim.de	-1.7,-0.9,3.0,6.5,11.4,14.5,16.3,16.3,12.4,7.8,2.4,-1.1,-1.23,6.97,15.7,7.53,7.24	33.0,34.0,45.0,52.0,73.0,93.0,96.0,79.0,55.0,41.0,51.0,41.0,108.0,170.0,268.0,147.0,693.0	Austria	Austria	False	False
22	Dambach_a189	189	Waldviertel	Germany	15.5167	48.55	580	C	Same locations used for multiple sites at multiple altitudes; need to check PhD thesis for additional location information (BD)	moss	hand picking	-45	A	False	EMPD1	Dambach, K. 2000: Ein Versuch zur Quantifizierung der gerodeten Landoberflache einzelner Landschaften Mitteleuropas mit Hilfe der Pollenanalyse. Dissertationes botanicae 336.	R/A	Dambach	K.	Karin	No information available	dambach@uni-hohenheim.de	-1.7,-0.9,3.0,6.5,11.4,14.5,16.3,16.3,12.4,7.8,2.4,-1.1,-1.23,6.97,15.7,7.53,7.24	33.0,34.0,45.0,52.0,73.0,93.0,96.0,79.0,55.0,41.0,51.0,41.0,108.0,170.0,268.0,147.0,693.0	Austria	Austria	False	False
23	Dambach_a19	19	Waldviertel	Germany	15.3833	48.3833	790	C	Same locations used for multiple sites at multiple altitudes; need to check PhD thesis for additional location information (BD)	moss	hand picking	-45	A	False	EMPD1	Dambach, K. 2000: Ein Versuch zur Quantifizierung der gerodeten Landoberflache einzelner Landschaften Mitteleuropas mit Hilfe der Pollenanalyse. Dissertationes botanicae 336.	R/A	Dambach	K.	Karin	No information available	dambach@uni-hohenheim.de	-1.5,-0.5,3.1,6.5,11.1,14.3,16.0,15.7,12.1,8.1,2.5,-0.5,-0.83,6.9,15.33,7.57,7.24	41.0,41.0,52.0,63.0,83.0,102.0,111.0,92.0,67.0,48.0,56.0,49.0,131.0,198.0,305.0,171.0,805.0	Austria	Austria	False	False
24	Dambach_a190	190	Waldviertel	Germany	15.5167	48.55	580	C	Same locations used for multiple sites at multiple altitudes; need to check PhD thesis for additional location information (BD)	moss	hand picking	-45	A	False	EMPD1	Dambach, K. 2000: Ein Versuch zur Quantifizierung der gerodeten Landoberflache einzelner Landschaften Mitteleuropas mit Hilfe der Pollenanalyse. Dissertationes botanicae 336.	R/A	Dambach	K.	Karin	No information available	dambach@uni-hohenheim.de	-1.7,-0.9,3.0,6.5,11.4,14.5,16.3,16.3,12.4,7.8,2.4,-1.1,-1.23,6.97,15.7,7.53,7.24	33.0,34.0,45.0,52.0,73.0,93.0,96.0,79.0,55.0,41.0,51.0,41.0,108.0,170.0,268.0,147.0,693.0	Austria	Austria	False	False
25	Dambach_a191	191	Waldviertel	Germany	15.5167	48.55	600	C	Same locations used for multiple sites at multiple altitudes; need to check PhD thesis for additional location information (BD)	moss	hand picking	-45	A	False	EMPD1	Dambach, K. 2000: Ein Versuch zur Quantifizierung der gerodeten Landoberflache einzelner Landschaften Mitteleuropas mit Hilfe der Pollenanalyse. Dissertationes botanicae 336.	R/A	Dambach	K.	Karin	No information available	dambach@uni-hohenheim.de	-1.7,-0.9,3.0,6.5,11.4,14.5,16.3,16.3,12.4,7.8,2.4,-1.1,-1.23,6.97,15.7,7.53,7.24	33.0,34.0,45.0,52.0,73.0,93.0,96.0,79.0,55.0,41.0,51.0,41.0,108.0,170.0,268.0,147.0,693.0	Austria	Austria	False	False
26	Dambach_a192	192	Waldviertel	Germany	15.5167	48.55	600	C	Same locations used for multiple sites at multiple altitudes; need to check PhD thesis for additional location information (BD)	moss	hand picking	-45	A	False	EMPD1	Dambach, K. 2000: Ein Versuch zur Quantifizierung der gerodeten Landoberflache einzelner Landschaften Mitteleuropas mit Hilfe der Pollenanalyse. Dissertationes botanicae 336.	R/A	Dambach	K.	Karin	No information available	dambach@uni-hohenheim.de	-1.7,-0.9,3.0,6.5,11.4,14.5,16.3,16.3,12.4,7.8,2.4,-1.1,-1.23,6.97,15.7,7.53,7.24	33.0,34.0,45.0,52.0,73.0,93.0,96.0,79.0,55.0,41.0,51.0,41.0,108.0,170.0,268.0,147.0,693.0	Austria	Austria	False	False
27	Dambach_a193	193	Waldviertel	Germany	15.5167	48.55	600	C	Same locations used for multiple sites at multiple altitudes; need to check PhD thesis for additional location information (BD)	moss	hand picking	-45	A	False	EMPD1	Dambach, K. 2000: Ein Versuch zur Quantifizierung der gerodeten Landoberflache einzelner Landschaften Mitteleuropas mit Hilfe der Pollenanalyse. Dissertationes botanicae 336.	R/A	Dambach	K.	Karin	No information available	dambach@uni-hohenheim.de	-1.7,-0.9,3.0,6.5,11.4,14.5,16.3,16.3,12.4,7.8,2.4,-1.1,-1.23,6.97,15.7,7.53,7.24	33.0,34.0,45.0,52.0,73.0,93.0,96.0,79.0,55.0,41.0,51.0,41.0,108.0,170.0,268.0,147.0,693.0	Austria	Austria	False	False
28	Dambach_a194	194	Waldviertel	Germany	15.5167	48.55	600	C	Same locations used for multiple sites at multiple altitudes; need to check PhD thesis for additional location information (BD)	moss	hand picking	-45	A	False	EMPD1	Dambach, K. 2000: Ein Versuch zur Quantifizierung der gerodeten Landoberflache einzelner Landschaften Mitteleuropas mit Hilfe der Pollenanalyse. Dissertationes botanicae 336.	R/A	Dambach	K.	Karin	No information available	dambach@uni-hohenheim.de	-1.7,-0.9,3.0,6.5,11.4,14.5,16.3,16.3,12.4,7.8,2.4,-1.1,-1.23,6.97,15.7,7.53,7.24	33.0,34.0,45.0,52.0,73.0,93.0,96.0,79.0,55.0,41.0,51.0,41.0,108.0,170.0,268.0,147.0,693.0	Austria	Austria	False	False
29	Dambach_a2	2	Waldviertel	Germany	15.45	48.3167	500	C	Same locations used for multiple sites at multiple altitudes; need to check PhD thesis for additional location information (BD)	moss	hand picking	-45	A	False	EMPD1	Dambach, K. 2000: Ein Versuch zur Quantifizierung der gerodeten Landoberflache einzelner Landschaften Mitteleuropas mit Hilfe der Pollenanalyse. Dissertationes botanicae 336.	R/A	Dambach	K.	Karin	No information available	dambach@uni-hohenheim.de	-1.1,0.1,4.1,7.8,12.5,15.8,17.4,16.8,13.0,8.7,3.3,-0.2,-0.4,8.13,16.67,8.33,8.18	31.0,33.0,42.0,55.0,75.0,91.0,96.0,81.0,57.0,41.0,49.0,39.0,103.0,172.0,268.0,147.0,690.0	Austria	Austria	False	False
30	Dambach_a20	20	Waldviertel	Germany	15.3833	48.3833	790	C	Same locations used for multiple sites at multiple altitudes; need to check PhD thesis for additional location information (BD)	moss	hand picking	-45	A	False	EMPD1	Dambach, K. 2000: Ein Versuch zur Quantifizierung der gerodeten Landoberflache einzelner Landschaften Mitteleuropas mit Hilfe der Pollenanalyse. Dissertationes botanicae 336.	R/A	Dambach	K.	Karin	No information available	dambach@uni-hohenheim.de	-1.5,-0.5,3.1,6.5,11.1,14.3,16.0,15.7,12.1,8.1,2.5,-0.5,-0.83,6.9,15.33,7.57,7.24	41.0,41.0,52.0,63.0,83.0,102.0,111.0,92.0,67.0,48.0,56.0,49.0,131.0,198.0,305.0,171.0,805.0	Austria	Austria	False	False
31	Dambach_a206	206	Waldviertel	Germany	15.15	48.5667	700	C	Same locations used for multiple sites at multiple altitudes; need to check PhD thesis for additional location information (BD)	moss	hand picking	-45	A	False	EMPD1	Dambach, K. 2000: Ein Versuch zur Quantifizierung der gerodeten Landoberflache einzelner Landschaften Mitteleuropas mit Hilfe der Pollenanalyse. Dissertationes botanicae 336.	R/A	Dambach	K.	Karin	No information available	dambach@uni-hohenheim.de	-2.6,-1.7,1.8,6.3,11.6,14.5,16.3,16.3,11.8,6.6,1.4,-1.6,-1.97,6.57,15.7,6.6,6.73	40.0,38.0,52.0,58.0,76.0,95.0,105.0,85.0,60.0,45.0,53.0,47.0,125.0,186.0,285.0,158.0,754.0	Austria	Austria	False	False
32	Dambach_a207	207	Waldviertel	Germany	15.15	48.5667	700	C	Same locations used for multiple sites at multiple altitudes; need to check PhD thesis for additional location information (BD)	moss	hand picking	-45	A	False	EMPD1	Dambach, K. 2000: Ein Versuch zur Quantifizierung der gerodeten Landoberflache einzelner Landschaften Mitteleuropas mit Hilfe der Pollenanalyse. Dissertationes botanicae 336.	R/A	Dambach	K.	Karin	No information available	dambach@uni-hohenheim.de	-2.6,-1.7,1.8,6.3,11.6,14.5,16.3,16.3,11.8,6.6,1.4,-1.6,-1.97,6.57,15.7,6.6,6.73	40.0,38.0,52.0,58.0,76.0,95.0,105.0,85.0,60.0,45.0,53.0,47.0,125.0,186.0,285.0,158.0,754.0	Austria	Austria	False	False
33	Dambach_a208	208	Waldviertel	Germany	15.15	48.5667	700	C	Same locations used for multiple sites at multiple altitudes; need to check PhD thesis for additional location information (BD)	moss	hand picking	-45	A	False	EMPD1	Dambach, K. 2000: Ein Versuch zur Quantifizierung der gerodeten Landoberflache einzelner Landschaften Mitteleuropas mit Hilfe der Pollenanalyse. Dissertationes botanicae 336.	R/A	Dambach	K.	Karin	No information available	dambach@uni-hohenheim.de	-2.6,-1.7,1.8,6.3,11.6,14.5,16.3,16.3,11.8,6.6,1.4,-1.6,-1.97,6.57,15.7,6.6,6.73	40.0,38.0,52.0,58.0,76.0,95.0,105.0,85.0,60.0,45.0,53.0,47.0,125.0,186.0,285.0,158.0,754.0	Austria	Austria	False	False
34	Dambach_a209	209	Waldviertel	Germany	15.15	48.5667	700	C	Same locations used for multiple sites at multiple altitudes; need to check PhD thesis for additional location information (BD)	moss	hand picking	-45	A	False	EMPD1	Dambach, K. 2000: Ein Versuch zur Quantifizierung der gerodeten Landoberflache einzelner Landschaften Mitteleuropas mit Hilfe der Pollenanalyse. Dissertationes botanicae 336.	R/A	Dambach	K.	Karin	No information available	dambach@uni-hohenheim.de	-2.6,-1.7,1.8,6.3,11.6,14.5,16.3,16.3,11.8,6.6,1.4,-1.6,-1.97,6.57,15.7,6.6,6.73	40.0,38.0,52.0,58.0,76.0,95.0,105.0,85.0,60.0,45.0,53.0,47.0,125.0,186.0,285.0,158.0,754.0	Austria	Austria	False	False
35	Dambach_a21	21	Waldviertel	Germany	15.3833	48.3833	790	C	Same locations used for multiple sites at multiple altitudes; need to check PhD thesis for additional location information (BD)	moss	hand picking	-45	A	False	EMPD1	Dambach, K. 2000: Ein Versuch zur Quantifizierung der gerodeten Landoberflache einzelner Landschaften Mitteleuropas mit Hilfe der Pollenanalyse. Dissertationes botanicae 336.	R/A	Dambach	K.	Karin	No information available	dambach@uni-hohenheim.de	-1.5,-0.5,3.1,6.5,11.1,14.3,16.0,15.7,12.1,8.1,2.5,-0.5,-0.83,6.9,15.33,7.57,7.24	41.0,41.0,52.0,63.0,83.0,102.0,111.0,92.0,67.0,48.0,56.0,49.0,131.0,198.0,305.0,171.0,805.0	Austria	Austria	False	False
36	Dambach_a210	210	Waldviertel	Germany	15.1667	48.5667	670	C	Same locations used for multiple sites at multiple altitudes; need to check PhD thesis for additional location information (BD)	moss	hand picking	-45	A	False	EMPD1	Dambach, K. 2000: Ein Versuch zur Quantifizierung der gerodeten Landoberflache einzelner Landschaften Mitteleuropas mit Hilfe der Pollenanalyse. Dissertationes botanicae 336.	R/A	Dambach	K.	Karin	No information available	dambach@uni-hohenheim.de	-2.7,-1.7,1.8,6.2,11.6,14.4,16.3,16.2,11.8,6.6,1.3,-1.6,-2.0,6.53,15.63,6.57,6.68	40.0,39.0,52.0,59.0,76.0,96.0,105.0,86.0,60.0,45.0,53.0,47.0,126.0,187.0,287.0,158.0,758.0	Austria	Austria	False	False
37	Dambach_a211	211	Waldviertel	Germany	15.1667	48.5667	670	C	Same locations used for multiple sites at multiple altitudes; need to check PhD thesis for additional location information (BD)	moss	hand picking	-45	A	False	EMPD1	Dambach, K. 2000: Ein Versuch zur Quantifizierung der gerodeten Landoberflache einzelner Landschaften Mitteleuropas mit Hilfe der Pollenanalyse. Dissertationes botanicae 336.	R/A	Dambach	K.	Karin	No information available	dambach@uni-hohenheim.de	-2.7,-1.7,1.8,6.2,11.6,14.4,16.3,16.2,11.8,6.6,1.3,-1.6,-2.0,6.53,15.63,6.57,6.68	40.0,39.0,52.0,59.0,76.0,96.0,105.0,86.0,60.0,45.0,53.0,47.0,126.0,187.0,287.0,158.0,758.0	Austria	Austria	False	False
38	Dambach_a212	212	Waldviertel	Germany	15.1667	48.5667	670	C	Same locations used for multiple sites at multiple altitudes; need to check PhD thesis for additional location information (BD)	moss	hand picking	-45	A	False	EMPD1	Dambach, K. 2000: Ein Versuch zur Quantifizierung der gerodeten Landoberflache einzelner Landschaften Mitteleuropas mit Hilfe der Pollenanalyse. Dissertationes botanicae 336.	R/A	Dambach	K.	Karin	No information available	dambach@uni-hohenheim.de	-2.7,-1.7,1.8,6.2,11.6,14.4,16.3,16.2,11.8,6.6,1.3,-1.6,-2.0,6.53,15.63,6.57,6.68	40.0,39.0,52.0,59.0,76.0,96.0,105.0,86.0,60.0,45.0,53.0,47.0,126.0,187.0,287.0,158.0,758.0	Austria	Austria	False	False
39	Dambach_a213	213	Waldviertel	Germany	15.1667	48.5667	670	C	Same locations used for multiple sites at multiple altitudes; need to check PhD thesis for additional location information (BD)	moss	hand picking	-45	A	False	EMPD1	Dambach, K. 2000: Ein Versuch zur Quantifizierung der gerodeten Landoberflache einzelner Landschaften Mitteleuropas mit Hilfe der Pollenanalyse. Dissertationes botanicae 336.	R/A	Dambach	K.	Karin	No information available	dambach@uni-hohenheim.de	-2.7,-1.7,1.8,6.2,11.6,14.4,16.3,16.2,11.8,6.6,1.3,-1.6,-2.0,6.53,15.63,6.57,6.68	40.0,39.0,52.0,59.0,76.0,96.0,105.0,86.0,60.0,45.0,53.0,47.0,126.0,187.0,287.0,158.0,758.0	Austria	Austria	False	False
40	Dambach_a214	214	Waldviertel	Germany	15.3667	48.5667	590	C	Same locations used for multiple sites at multiple altitudes; need to check PhD thesis for additional location information (BD)	moss	hand picking	-45	A	False	EMPD1	Dambach, K. 2000: Ein Versuch zur Quantifizierung der gerodeten Landoberflache einzelner Landschaften Mitteleuropas mit Hilfe der Pollenanalyse. Dissertationes botanicae 336.	R/A	Dambach	K.	Karin	No information available	dambach@uni-hohenheim.de	-1.8,-1.2,2.4,6.4,11.7,14.8,16.4,16.1,11.8,7.6,1.9,-1.1,-1.37,6.83,15.77,7.1,7.08	32.0,33.0,44.0,55.0,73.0,92.0,95.0,76.0,53.0,40.0,49.0,40.0,105.0,172.0,263.0,142.0,682.0	Austria	Austria	False	False
41	Dambach_a215	215	Waldviertel	Germany	15.3667	48.5667	590	C	Same locations used for multiple sites at multiple altitudes; need to check PhD thesis for additional location information (BD)	moss	hand picking	-45	A	False	EMPD1	Dambach, K. 2000: Ein Versuch zur Quantifizierung der gerodeten Landoberflache einzelner Landschaften Mitteleuropas mit Hilfe der Pollenanalyse. Dissertationes botanicae 336.	R/A	Dambach	K.	Karin	No information available	dambach@uni-hohenheim.de	-1.8,-1.2,2.4,6.4,11.7,14.8,16.4,16.1,11.8,7.6,1.9,-1.1,-1.37,6.83,15.77,7.1,7.08	32.0,33.0,44.0,55.0,73.0,92.0,95.0,76.0,53.0,40.0,49.0,40.0,105.0,172.0,263.0,142.0,682.0	Austria	Austria	False	False
42	Dambach_a216	216	Waldviertel	Germany	15.3667	48.5667	590	C	Same locations used for multiple sites at multiple altitudes; need to check PhD thesis for additional location information (BD)	moss	hand picking	-45	A	False	EMPD1	Dambach, K. 2000: Ein Versuch zur Quantifizierung der gerodeten Landoberflache einzelner Landschaften Mitteleuropas mit Hilfe der Pollenanalyse. Dissertationes botanicae 336.	R/A	Dambach	K.	Karin	No information available	dambach@uni-hohenheim.de	-1.8,-1.2,2.4,6.4,11.7,14.8,16.4,16.1,11.8,7.6,1.9,-1.1,-1.37,6.83,15.77,7.1,7.08	32.0,33.0,44.0,55.0,73.0,92.0,95.0,76.0,53.0,40.0,49.0,40.0,105.0,172.0,263.0,142.0,682.0	Austria	Austria	False	False
43	Dambach_a217	217	Waldviertel	Germany	15.3667	48.5667	590	C	Same locations used for multiple sites at multiple altitudes; need to check PhD thesis for additional location information (BD)	moss	hand picking	-45	A	False	EMPD1	Dambach, K. 2000: Ein Versuch zur Quantifizierung der gerodeten Landoberflache einzelner Landschaften Mitteleuropas mit Hilfe der Pollenanalyse. Dissertationes botanicae 336.	R/A	Dambach	K.	Karin	No information available	dambach@uni-hohenheim.de	-1.8,-1.2,2.4,6.4,11.7,14.8,16.4,16.1,11.8,7.6,1.9,-1.1,-1.37,6.83,15.77,7.1,7.08	32.0,33.0,44.0,55.0,73.0,92.0,95.0,76.0,53.0,40.0,49.0,40.0,105.0,172.0,263.0,142.0,682.0	Austria	Austria	False	False
44	Dambach_a218	218	Waldviertel	Germany	15.3667	48.5667	590	C	Same locations used for multiple sites at multiple altitudes; need to check PhD thesis for additional location information (BD)	moss	hand picking	-45	A	False	EMPD1	Dambach, K. 2000: Ein Versuch zur Quantifizierung der gerodeten Landoberflache einzelner Landschaften Mitteleuropas mit Hilfe der Pollenanalyse. Dissertationes botanicae 336.	R/A	Dambach	K.	Karin	No information available	dambach@uni-hohenheim.de	-1.8,-1.2,2.4,6.4,11.7,14.8,16.4,16.1,11.8,7.6,1.9,-1.1,-1.37,6.83,15.77,7.1,7.08	32.0,33.0,44.0,55.0,73.0,92.0,95.0,76.0,53.0,40.0,49.0,40.0,105.0,172.0,263.0,142.0,682.0	Austria	Austria	False	False
45	Dambach_a219	219	Waldviertel	Germany	15.3833	48.5667	540	C	Same locations used for multiple sites at multiple altitudes; need to check PhD thesis for additional location information (BD)	moss	hand picking	-45	A	False	EMPD1	Dambach, K. 2000: Ein Versuch zur Quantifizierung der gerodeten Landoberflache einzelner Landschaften Mitteleuropas mit Hilfe der Pollenanalyse. Dissertationes botanicae 336.	R/A	Dambach	K.	Karin	No information available	dambach@uni-hohenheim.de	-1.8,-1.2,2.3,6.3,11.6,14.7,16.3,16.0,11.8,7.5,1.9,-1.1,-1.37,6.73,15.67,7.07,7.03	34.0,34.0,46.0,56.0,74.0,93.0,97.0,78.0,54.0,41.0,50.0,41.0,109.0,176.0,268.0,145.0,698.0	Austria	Austria	False	False
46	Dambach_a22	22	Waldviertel	Germany	15.3833	48.3833	790	C	Same locations used for multiple sites at multiple altitudes; need to check PhD thesis for additional location information (BD)	moss	hand picking	-45	A	False	EMPD1	Dambach, K. 2000: Ein Versuch zur Quantifizierung der gerodeten Landoberflache einzelner Landschaften Mitteleuropas mit Hilfe der Pollenanalyse. Dissertationes botanicae 336.	R/A	Dambach	K.	Karin	No information available	dambach@uni-hohenheim.de	-1.5,-0.5,3.1,6.5,11.1,14.3,16.0,15.7,12.1,8.1,2.5,-0.5,-0.83,6.9,15.33,7.57,7.24	41.0,41.0,52.0,63.0,83.0,102.0,111.0,92.0,67.0,48.0,56.0,49.0,131.0,198.0,305.0,171.0,805.0	Austria	Austria	False	False
47	Dambach_a220	220	Waldviertel	Germany	15.3833	48.5667	540	C	Same locations used for multiple sites at multiple altitudes; need to check PhD thesis for additional location information (BD)	moss	hand picking	-45	A	False	EMPD1	Dambach, K. 2000: Ein Versuch zur Quantifizierung der gerodeten Landoberflache einzelner Landschaften Mitteleuropas mit Hilfe der Pollenanalyse. Dissertationes botanicae 336.	R/A	Dambach	K.	Karin	No information available	dambach@uni-hohenheim.de	-1.8,-1.2,2.3,6.3,11.6,14.7,16.3,16.0,11.8,7.5,1.9,-1.1,-1.37,6.73,15.67,7.07,7.03	34.0,34.0,46.0,56.0,74.0,93.0,97.0,78.0,54.0,41.0,50.0,41.0,109.0,176.0,268.0,145.0,698.0	Austria	Austria	False	False
48	Dambach_a221	221	Waldviertel	Germany	15.3833	48.5667	540	C	Same locations used for multiple sites at multiple altitudes; need to check PhD thesis for additional location information (BD)	moss	hand picking	-45	A	False	EMPD1	Dambach, K. 2000: Ein Versuch zur Quantifizierung der gerodeten Landoberflache einzelner Landschaften Mitteleuropas mit Hilfe der Pollenanalyse. Dissertationes botanicae 336.	R/A	Dambach	K.	Karin	No information available	dambach@uni-hohenheim.de	-1.8,-1.2,2.3,6.3,11.6,14.7,16.3,16.0,11.8,7.5,1.9,-1.1,-1.37,6.73,15.67,7.07,7.03	34.0,34.0,46.0,56.0,74.0,93.0,97.0,78.0,54.0,41.0,50.0,41.0,109.0,176.0,268.0,145.0,698.0	Austria	Austria	False	False
49	Dambach_a222	222	Waldviertel	Germany	15.3833	48.5667	540	C	Same locations used for multiple sites at multiple altitudes; need to check PhD thesis for additional location information (BD)	moss	hand picking	-45	A	False	EMPD1	Dambach, K. 2000: Ein Versuch zur Quantifizierung der gerodeten Landoberflache einzelner Landschaften Mitteleuropas mit Hilfe der Pollenanalyse. Dissertationes botanicae 336.	R/A	Dambach	K.	Karin	No information available	dambach@uni-hohenheim.de	-1.8,-1.2,2.3,6.3,11.6,14.7,16.3,16.0,11.8,7.5,1.9,-1.1,-1.37,6.73,15.67,7.07,7.03	34.0,34.0,46.0,56.0,74.0,93.0,97.0,78.0,54.0,41.0,50.0,41.0,109.0,176.0,268.0,145.0,698.0	Austria	Austria	False	False
50	Dambach_a223	223	Waldviertel	Germany	15.4167	48.5667	610	C	Same locations used for multiple sites at multiple altitudes; need to check PhD thesis for additional location information (BD)	moss	hand picking	-45	A	False	EMPD1	Dambach, K. 2000: Ein Versuch zur Quantifizierung der gerodeten Landoberflache einzelner Landschaften Mitteleuropas mit Hilfe der Pollenanalyse. Dissertationes botanicae 336.	R/A	Dambach	K.	Karin	No information available	dambach@uni-hohenheim.de	-1.6,-0.9,3.0,6.7,11.8,15.0,16.6,16.1,12.0,7.8,2.4,-1.0,-1.17,7.17,15.9,7.4,7.33	30.0,31.0,41.0,53.0,72.0,90.0,91.0,74.0,51.0,38.0,47.0,37.0,98.0,166.0,255.0,136.0,655.0	Austria	Austria	False	False
51	Dambach_a224	224	Waldviertel	Germany	15.4167	48.5667	610	C	Same locations used for multiple sites at multiple altitudes; need to check PhD thesis for additional location information (BD)	moss	hand picking	-45	A	False	EMPD1	Dambach, K. 2000: Ein Versuch zur Quantifizierung der gerodeten Landoberflache einzelner Landschaften Mitteleuropas mit Hilfe der Pollenanalyse. Dissertationes botanicae 336.	R/A	Dambach	K.	Karin	No information available	dambach@uni-hohenheim.de	-1.6,-0.9,3.0,6.7,11.8,15.0,16.6,16.1,12.0,7.8,2.4,-1.0,-1.17,7.17,15.9,7.4,7.33	30.0,31.0,41.0,53.0,72.0,90.0,91.0,74.0,51.0,38.0,47.0,37.0,98.0,166.0,255.0,136.0,655.0	Austria	Austria	False	False
52	Dambach_a225	225	Waldviertel	Germany	15.4167	48.5667	610	C	Same locations used for multiple sites at multiple altitudes; need to check PhD thesis for additional location information (BD)	moss	hand picking	-45	A	False	EMPD1	Dambach, K. 2000: Ein Versuch zur Quantifizierung der gerodeten Landoberflache einzelner Landschaften Mitteleuropas mit Hilfe der Pollenanalyse. Dissertationes botanicae 336.	R/A	Dambach	K.	Karin	No information available	dambach@uni-hohenheim.de	-1.6,-0.9,3.0,6.7,11.8,15.0,16.6,16.1,12.0,7.8,2.4,-1.0,-1.17,7.17,15.9,7.4,7.33	30.0,31.0,41.0,53.0,72.0,90.0,91.0,74.0,51.0,38.0,47.0,37.0,98.0,166.0,255.0,136.0,655.0	Austria	Austria	False	False
53	Dambach_a226	226	Waldviertel	Germany	15.4167	48.5667	610	C	Same locations used for multiple sites at multiple altitudes; need to check PhD thesis for additional location information (BD)	moss	hand picking	-45	A	False	EMPD1	Dambach, K. 2000: Ein Versuch zur Quantifizierung der gerodeten Landoberflache einzelner Landschaften Mitteleuropas mit Hilfe der Pollenanalyse. Dissertationes botanicae 336.	R/A	Dambach	K.	Karin	No information available	dambach@uni-hohenheim.de	-1.6,-0.9,3.0,6.7,11.8,15.0,16.6,16.1,12.0,7.8,2.4,-1.0,-1.17,7.17,15.9,7.4,7.33	30.0,31.0,41.0,53.0,72.0,90.0,91.0,74.0,51.0,38.0,47.0,37.0,98.0,166.0,255.0,136.0,655.0	Austria	Austria	False	False
54	Dambach_a227	227	Waldviertel	Germany	15.5167	48.5667	620	C	Same locations used for multiple sites at multiple altitudes; need to check PhD thesis for additional location information (BD)	moss	hand picking	-45	A	False	EMPD1	Dambach, K. 2000: Ein Versuch zur Quantifizierung der gerodeten Landoberflache einzelner Landschaften Mitteleuropas mit Hilfe der Pollenanalyse. Dissertationes botanicae 336.	R/A	Dambach	K.	Karin	No information available	dambach@uni-hohenheim.de	-1.7,-0.9,3.0,6.5,11.5,14.6,16.3,16.2,12.2,7.7,2.5,-1.1,-1.23,7.0,15.7,7.47,7.23	32.0,33.0,42.0,52.0,72.0,93.0,94.0,77.0,54.0,40.0,50.0,40.0,105.0,166.0,264.0,144.0,679.0	Austria	Austria	False	False
55	Dambach_a228	228	Waldviertel	Germany	15.5167	48.5667	620	C	Same locations used for multiple sites at multiple altitudes; need to check PhD thesis for additional location information (BD)	moss	hand picking	-45	A	False	EMPD1	Dambach, K. 2000: Ein Versuch zur Quantifizierung der gerodeten Landoberflache einzelner Landschaften Mitteleuropas mit Hilfe der Pollenanalyse. Dissertationes botanicae 336.	R/A	Dambach	K.	Karin	No information available	dambach@uni-hohenheim.de	-1.7,-0.9,3.0,6.5,11.5,14.6,16.3,16.2,12.2,7.7,2.5,-1.1,-1.23,7.0,15.7,7.47,7.23	32.0,33.0,42.0,52.0,72.0,93.0,94.0,77.0,54.0,40.0,50.0,40.0,105.0,166.0,264.0,144.0,679.0	Austria	Austria	False	False
56	Dambach_a229	229	Waldviertel	Germany	15.5167	48.5667	620	C	Same locations used for multiple sites at multiple altitudes; need to check PhD thesis for additional location information (BD)	moss	hand picking	-45	A	False	EMPD1	Dambach, K. 2000: Ein Versuch zur Quantifizierung der gerodeten Landoberflache einzelner Landschaften Mitteleuropas mit Hilfe der Pollenanalyse. Dissertationes botanicae 336.	R/A	Dambach	K.	Karin	No information available	dambach@uni-hohenheim.de	-1.7,-0.9,3.0,6.5,11.5,14.6,16.3,16.2,12.2,7.7,2.5,-1.1,-1.23,7.0,15.7,7.47,7.23	32.0,33.0,42.0,52.0,72.0,93.0,94.0,77.0,54.0,40.0,50.0,40.0,105.0,166.0,264.0,144.0,679.0	Austria	Austria	False	False
57	Dambach_a23	23	Waldviertel	Germany	15.3833	48.3833	790	C	Same locations used for multiple sites at multiple altitudes; need to check PhD thesis for additional location information (BD)	moss	hand picking	-45	A	False	EMPD1	Dambach, K. 2000: Ein Versuch zur Quantifizierung der gerodeten Landoberflache einzelner Landschaften Mitteleuropas mit Hilfe der Pollenanalyse. Dissertationes botanicae 336.	R/A	Dambach	K.	Karin	No information available	dambach@uni-hohenheim.de	-1.5,-0.5,3.1,6.5,11.1,14.3,16.0,15.7,12.1,8.1,2.5,-0.5,-0.83,6.9,15.33,7.57,7.24	41.0,41.0,52.0,63.0,83.0,102.0,111.0,92.0,67.0,48.0,56.0,49.0,131.0,198.0,305.0,171.0,805.0	Austria	Austria	False	False
58	Dambach_a230	230	Waldviertel	Germany	15.5167	48.5667	620	C	Same locations used for multiple sites at multiple altitudes; need to check PhD thesis for additional location information (BD)	moss	hand picking	-45	A	False	EMPD1	Dambach, K. 2000: Ein Versuch zur Quantifizierung der gerodeten Landoberflache einzelner Landschaften Mitteleuropas mit Hilfe der Pollenanalyse. Dissertationes botanicae 336.	R/A	Dambach	K.	Karin	No information available	dambach@uni-hohenheim.de	-1.7,-0.9,3.0,6.5,11.5,14.6,16.3,16.2,12.2,7.7,2.5,-1.1,-1.23,7.0,15.7,7.47,7.23	32.0,33.0,42.0,52.0,72.0,93.0,94.0,77.0,54.0,40.0,50.0,40.0,105.0,166.0,264.0,144.0,679.0	Austria	Austria	False	False
59	Dambach_a231	231	Waldviertel	Germany	15.5167	48.5667	620	C	Same locations used for multiple sites at multiple altitudes; need to check PhD thesis for additional location information (BD)	moss	hand picking	-45	A	False	EMPD1	Dambach, K. 2000: Ein Versuch zur Quantifizierung der gerodeten Landoberflache einzelner Landschaften Mitteleuropas mit Hilfe der Pollenanalyse. Dissertationes botanicae 336.	R/A	Dambach	K.	Karin	No information available	dambach@uni-hohenheim.de	-1.7,-0.9,3.0,6.5,11.5,14.6,16.3,16.2,12.2,7.7,2.5,-1.1,-1.23,7.0,15.7,7.47,7.23	32.0,33.0,42.0,52.0,72.0,93.0,94.0,77.0,54.0,40.0,50.0,40.0,105.0,166.0,264.0,144.0,679.0	Austria	Austria	False	False
60	Dambach_a24	24	Waldviertel	Germany	15.3833	48.3833	790	C	Same locations used for multiple sites at multiple altitudes; need to check PhD thesis for additional location information (BD)	moss	hand picking	-45	A	False	EMPD1	Dambach, K. 2000: Ein Versuch zur Quantifizierung der gerodeten Landoberflache einzelner Landschaften Mitteleuropas mit Hilfe der Pollenanalyse. Dissertationes botanicae 336.	R/A	Dambach	K.	Karin	No information available	dambach@uni-hohenheim.de	-1.5,-0.5,3.1,6.5,11.1,14.3,16.0,15.7,12.1,8.1,2.5,-0.5,-0.83,6.9,15.33,7.57,7.24	41.0,41.0,52.0,63.0,83.0,102.0,111.0,92.0,67.0,48.0,56.0,49.0,131.0,198.0,305.0,171.0,805.0	Austria	Austria	False	False
61	Dambach_a247	247	Waldviertel	Germany	15.2	48.5833	650	C	Same locations used for multiple sites at multiple altitudes; need to check PhD thesis for additional location information (BD)	moss	hand picking	-45	A	False	EMPD1	Dambach, K. 2000: Ein Versuch zur Quantifizierung der gerodeten Landoberflache einzelner Landschaften Mitteleuropas mit Hilfe der Pollenanalyse. Dissertationes botanicae 336.	R/A	Dambach	K.	Karin	No information available	dambach@uni-hohenheim.de	-2.8,-1.6,2.0,6.5,11.8,14.7,16.6,16.4,11.9,6.7,1.5,-1.5,-1.97,6.77,15.9,6.7,6.85	36.0,36.0,49.0,59.0,74.0,92.0,100.0,82.0,56.0,43.0,51.0,43.0,115.0,182.0,274.0,150.0,721.0	Austria	Austria	False	False
62	Dambach_a248	248	Waldviertel	Germany	15.2	48.5833	650	C	Same locations used for multiple sites at multiple altitudes; need to check PhD thesis for additional location information (BD)	moss	hand picking	-45	A	False	EMPD1	Dambach, K. 2000: Ein Versuch zur Quantifizierung der gerodeten Landoberflache einzelner Landschaften Mitteleuropas mit Hilfe der Pollenanalyse. Dissertationes botanicae 336.	R/A	Dambach	K.	Karin	No information available	dambach@uni-hohenheim.de	-2.8,-1.6,2.0,6.5,11.8,14.7,16.6,16.4,11.9,6.7,1.5,-1.5,-1.97,6.77,15.9,6.7,6.85	36.0,36.0,49.0,59.0,74.0,92.0,100.0,82.0,56.0,43.0,51.0,43.0,115.0,182.0,274.0,150.0,721.0	Austria	Austria	False	False
63	Dambach_a249	249	Waldviertel	Germany	15.2	48.5833	650	C	Same locations used for multiple sites at multiple altitudes; need to check PhD thesis for additional location information (BD)	moss	hand picking	-45	A	False	EMPD1	Dambach, K. 2000: Ein Versuch zur Quantifizierung der gerodeten Landoberflache einzelner Landschaften Mitteleuropas mit Hilfe der Pollenanalyse. Dissertationes botanicae 336.	R/A	Dambach	K.	Karin	No information available	dambach@uni-hohenheim.de	-2.8,-1.6,2.0,6.5,11.8,14.7,16.6,16.4,11.9,6.7,1.5,-1.5,-1.97,6.77,15.9,6.7,6.85	36.0,36.0,49.0,59.0,74.0,92.0,100.0,82.0,56.0,43.0,51.0,43.0,115.0,182.0,274.0,150.0,721.0	Austria	Austria	False	False
64	Dambach_a25	25	Waldviertel	Germany	15.3833	48.3833	790	C	Same locations used for multiple sites at multiple altitudes; need to check PhD thesis for additional location information (BD)	moss	hand picking	-45	A	False	EMPD1	Dambach, K. 2000: Ein Versuch zur Quantifizierung der gerodeten Landoberflache einzelner Landschaften Mitteleuropas mit Hilfe der Pollenanalyse. Dissertationes botanicae 336.	R/A	Dambach	K.	Karin	No information available	dambach@uni-hohenheim.de	-1.5,-0.5,3.1,6.5,11.1,14.3,16.0,15.7,12.1,8.1,2.5,-0.5,-0.83,6.9,15.33,7.57,7.24	41.0,41.0,52.0,63.0,83.0,102.0,111.0,92.0,67.0,48.0,56.0,49.0,131.0,198.0,305.0,171.0,805.0	Austria	Austria	False	False
65	Dambach_a250	250	Waldviertel	Germany	15.2	48.5833	650	C	Same locations used for multiple sites at multiple altitudes; need to check PhD thesis for additional location information (BD)	moss	hand picking	-45	A	False	EMPD1	Dambach, K. 2000: Ein Versuch zur Quantifizierung der gerodeten Landoberflache einzelner Landschaften Mitteleuropas mit Hilfe der Pollenanalyse. Dissertationes botanicae 336.	R/A	Dambach	K.	Karin	No information available	dambach@uni-hohenheim.de	-2.8,-1.6,2.0,6.5,11.8,14.7,16.6,16.4,11.9,6.7,1.5,-1.5,-1.97,6.77,15.9,6.7,6.85	36.0,36.0,49.0,59.0,74.0,92.0,100.0,82.0,56.0,43.0,51.0,43.0,115.0,182.0,274.0,150.0,721.0	Austria	Austria	False	False
66	Dambach_a26	26	Waldviertel	Germany	15.3833	48.3833	790	C	Same locations used for multiple sites at multiple altitudes; need to check PhD thesis for additional location information (BD)	moss	hand picking	-45	A	False	EMPD1	Dambach, K. 2000: Ein Versuch zur Quantifizierung der gerodeten Landoberflache einzelner Landschaften Mitteleuropas mit Hilfe der Pollenanalyse. Dissertationes botanicae 336.	R/A	Dambach	K.	Karin	No information available	dambach@uni-hohenheim.de	-1.5,-0.5,3.1,6.5,11.1,14.3,16.0,15.7,12.1,8.1,2.5,-0.5,-0.83,6.9,15.33,7.57,7.24	41.0,41.0,52.0,63.0,83.0,102.0,111.0,92.0,67.0,48.0,56.0,49.0,131.0,198.0,305.0,171.0,805.0	Austria	Austria	False	False
67	Dambach_a27	27	Waldviertel	Germany	15.3833	48.3833	790	C	Same locations used for multiple sites at multiple altitudes; need to check PhD thesis for additional location information (BD)	moss	hand picking	-45	A	False	EMPD1	Dambach, K. 2000: Ein Versuch zur Quantifizierung der gerodeten Landoberflache einzelner Landschaften Mitteleuropas mit Hilfe der Pollenanalyse. Dissertationes botanicae 336.	R/A	Dambach	K.	Karin	No information available	dambach@uni-hohenheim.de	-1.5,-0.5,3.1,6.5,11.1,14.3,16.0,15.7,12.1,8.1,2.5,-0.5,-0.83,6.9,15.33,7.57,7.24	41.0,41.0,52.0,63.0,83.0,102.0,111.0,92.0,67.0,48.0,56.0,49.0,131.0,198.0,305.0,171.0,805.0	Austria	Austria	False	False
68	Dambach_a28	28	Waldviertel	Germany	15.3833	48.3833	790	C	Same locations used for multiple sites at multiple altitudes; need to check PhD thesis for additional location information (BD)	moss	hand picking	-45	A	False	EMPD1	Dambach, K. 2000: Ein Versuch zur Quantifizierung der gerodeten Landoberflache einzelner Landschaften Mitteleuropas mit Hilfe der Pollenanalyse. Dissertationes botanicae 336.	R/A	Dambach	K.	Karin	No information available	dambach@uni-hohenheim.de	-1.5,-0.5,3.1,6.5,11.1,14.3,16.0,15.7,12.1,8.1,2.5,-0.5,-0.83,6.9,15.33,7.57,7.24	41.0,41.0,52.0,63.0,83.0,102.0,111.0,92.0,67.0,48.0,56.0,49.0,131.0,198.0,305.0,171.0,805.0	Austria	Austria	False	False
69	Dambach_a29	29	Waldviertel	Germany	15.3833	48.3833	790	C	Same locations used for multiple sites at multiple altitudes; need to check PhD thesis for additional location information (BD)	moss	hand picking	-45	A	False	EMPD1	Dambach, K. 2000: Ein Versuch zur Quantifizierung der gerodeten Landoberflache einzelner Landschaften Mitteleuropas mit Hilfe der Pollenanalyse. Dissertationes botanicae 336.	R/A	Dambach	K.	Karin	No information available	dambach@uni-hohenheim.de	-1.5,-0.5,3.1,6.5,11.1,14.3,16.0,15.7,12.1,8.1,2.5,-0.5,-0.83,6.9,15.33,7.57,7.24	41.0,41.0,52.0,63.0,83.0,102.0,111.0,92.0,67.0,48.0,56.0,49.0,131.0,198.0,305.0,171.0,805.0	Austria	Austria	False	False
70	Dambach_a3	3	Waldviertel	Germany	15.45	48.3167	500	C	Same locations used for multiple sites at multiple altitudes; need to check PhD thesis for additional location information (BD)	moss	hand picking	-45	A	False	EMPD1	Dambach, K. 2000: Ein Versuch zur Quantifizierung der gerodeten Landoberflache einzelner Landschaften Mitteleuropas mit Hilfe der Pollenanalyse. Dissertationes botanicae 336.	R/A	Dambach	K.	Karin	No information available	dambach@uni-hohenheim.de	-1.1,0.1,4.1,7.8,12.5,15.8,17.4,16.8,13.0,8.7,3.3,-0.2,-0.4,8.13,16.67,8.33,8.18	31.0,33.0,42.0,55.0,75.0,91.0,96.0,81.0,57.0,41.0,49.0,39.0,103.0,172.0,268.0,147.0,690.0	Austria	Austria	False	False
71	Dambach_a30	30	Waldviertel	Germany	15.3833	48.3833	790	C	Same locations used for multiple sites at multiple altitudes; need to check PhD thesis for additional location information (BD)	moss	hand picking	-45	A	False	EMPD1	Dambach, K. 2000: Ein Versuch zur Quantifizierung der gerodeten Landoberflache einzelner Landschaften Mitteleuropas mit Hilfe der Pollenanalyse. Dissertationes botanicae 336.	R/A	Dambach	K.	Karin	No information available	dambach@uni-hohenheim.de	-1.5,-0.5,3.1,6.5,11.1,14.3,16.0,15.7,12.1,8.1,2.5,-0.5,-0.83,6.9,15.33,7.57,7.24	41.0,41.0,52.0,63.0,83.0,102.0,111.0,92.0,67.0,48.0,56.0,49.0,131.0,198.0,305.0,171.0,805.0	Austria	Austria	False	False
72	Dambach_a31	31	Waldviertel	Germany	15.65	48.3833	190	C	Same locations used for multiple sites at multiple altitudes; need to check PhD thesis for additional location information (BD)	moss	hand picking	-45	A	False	EMPD1	Dambach, K. 2000: Ein Versuch zur Quantifizierung der gerodeten Landoberflache einzelner Landschaften Mitteleuropas mit Hilfe der Pollenanalyse. Dissertationes botanicae 336.	R/A	Dambach	K.	Karin	No information available	dambach@uni-hohenheim.de	-0.6,0.9,5.0,9.5,14.8,17.7,19.4,18.8,14.7,9.4,3.9,0.8,0.37,9.77,18.63,9.33,9.53	19.0,21.0,28.0,38.0,59.0,82.0,77.0,61.0,44.0,31.0,39.0,27.0,67.0,125.0,220.0,114.0,526.0	Austria	Austria	False	False
73	Dambach_a32	32	Waldviertel	Germany	15.65	48.3833	190	C	Same locations used for multiple sites at multiple altitudes; need to check PhD thesis for additional location information (BD)	moss	hand picking	-45	A	False	EMPD1	Dambach, K. 2000: Ein Versuch zur Quantifizierung der gerodeten Landoberflache einzelner Landschaften Mitteleuropas mit Hilfe der Pollenanalyse. Dissertationes botanicae 336.	R/A	Dambach	K.	Karin	No information available	dambach@uni-hohenheim.de	-0.6,0.9,5.0,9.5,14.8,17.7,19.4,18.8,14.7,9.4,3.9,0.8,0.37,9.77,18.63,9.33,9.53	19.0,21.0,28.0,38.0,59.0,82.0,77.0,61.0,44.0,31.0,39.0,27.0,67.0,125.0,220.0,114.0,526.0	Austria	Austria	False	False
74	Dambach_a33	33	Waldviertel	Germany	15.65	48.3833	190	C	Same locations used for multiple sites at multiple altitudes; need to check PhD thesis for additional location information (BD)	moss	hand picking	-45	A	False	EMPD1	Dambach, K. 2000: Ein Versuch zur Quantifizierung der gerodeten Landoberflache einzelner Landschaften Mitteleuropas mit Hilfe der Pollenanalyse. Dissertationes botanicae 336.	R/A	Dambach	K.	Karin	No information available	dambach@uni-hohenheim.de	-0.6,0.9,5.0,9.5,14.8,17.7,19.4,18.8,14.7,9.4,3.9,0.8,0.37,9.77,18.63,9.33,9.53	19.0,21.0,28.0,38.0,59.0,82.0,77.0,61.0,44.0,31.0,39.0,27.0,67.0,125.0,220.0,114.0,526.0	Austria	Austria	False	False
75	Dambach_a34	34	Waldviertel	Germany	15.65	48.3833	190	C	Same locations used for multiple sites at multiple altitudes; need to check PhD thesis for additional location information (BD)	moss	hand picking	-45	A	False	EMPD1	Dambach, K. 2000: Ein Versuch zur Quantifizierung der gerodeten Landoberflache einzelner Landschaften Mitteleuropas mit Hilfe der Pollenanalyse. Dissertationes botanicae 336.	R/A	Dambach	K.	Karin	No information available	dambach@uni-hohenheim.de	-0.6,0.9,5.0,9.5,14.8,17.7,19.4,18.8,14.7,9.4,3.9,0.8,0.37,9.77,18.63,9.33,9.53	19.0,21.0,28.0,38.0,59.0,82.0,77.0,61.0,44.0,31.0,39.0,27.0,67.0,125.0,220.0,114.0,526.0	Austria	Austria	False	False
76	Dambach_a35	35	Waldviertel	Germany	15.65	48.3833	190	C	Same locations used for multiple sites at multiple altitudes; need to check PhD thesis for additional location information (BD)	moss	hand picking	-45	A	False	EMPD1	Dambach, K. 2000: Ein Versuch zur Quantifizierung der gerodeten Landoberflache einzelner Landschaften Mitteleuropas mit Hilfe der Pollenanalyse. Dissertationes botanicae 336.	R/A	Dambach	K.	Karin	No information available	dambach@uni-hohenheim.de	-0.6,0.9,5.0,9.5,14.8,17.7,19.4,18.8,14.7,9.4,3.9,0.8,0.37,9.77,18.63,9.33,9.53	19.0,21.0,28.0,38.0,59.0,82.0,77.0,61.0,44.0,31.0,39.0,27.0,67.0,125.0,220.0,114.0,526.0	Austria	Austria	False	False
77	Dambach_a36	36	Waldviertel	Germany	15.65	48.3833	190	C	Same locations used for multiple sites at multiple altitudes; need to check PhD thesis for additional location information (BD)	moss	hand picking	-45	A	False	EMPD1	Dambach, K. 2000: Ein Versuch zur Quantifizierung der gerodeten Landoberflache einzelner Landschaften Mitteleuropas mit Hilfe der Pollenanalyse. Dissertationes botanicae 336.	R/A	Dambach	K.	Karin	No information available	dambach@uni-hohenheim.de	-0.6,0.9,5.0,9.5,14.8,17.7,19.4,18.8,14.7,9.4,3.9,0.8,0.37,9.77,18.63,9.33,9.53	19.0,21.0,28.0,38.0,59.0,82.0,77.0,61.0,44.0,31.0,39.0,27.0,67.0,125.0,220.0,114.0,526.0	Austria	Austria	False	False
78	Dambach_a37	37	Waldviertel	Germany	15.65	48.3833	190	C	Same locations used for multiple sites at multiple altitudes; need to check PhD thesis for additional location information (BD)	moss	hand picking	-45	A	False	EMPD1	Dambach, K. 2000: Ein Versuch zur Quantifizierung der gerodeten Landoberflache einzelner Landschaften Mitteleuropas mit Hilfe der Pollenanalyse. Dissertationes botanicae 336.	R/A	Dambach	K.	Karin	No information available	dambach@uni-hohenheim.de	-0.6,0.9,5.0,9.5,14.8,17.7,19.4,18.8,14.7,9.4,3.9,0.8,0.37,9.77,18.63,9.33,9.53	19.0,21.0,28.0,38.0,59.0,82.0,77.0,61.0,44.0,31.0,39.0,27.0,67.0,125.0,220.0,114.0,526.0	Austria	Austria	False	False
79	Dambach_a38	38	Waldviertel	Germany	15.65	48.3833	190	C	Same locations used for multiple sites at multiple altitudes; need to check PhD thesis for additional location information (BD)	moss	hand picking	-45	A	False	EMPD1	Dambach, K. 2000: Ein Versuch zur Quantifizierung der gerodeten Landoberflache einzelner Landschaften Mitteleuropas mit Hilfe der Pollenanalyse. Dissertationes botanicae 336.	R/A	Dambach	K.	Karin	No information available	dambach@uni-hohenheim.de	-0.6,0.9,5.0,9.5,14.8,17.7,19.4,18.8,14.7,9.4,3.9,0.8,0.37,9.77,18.63,9.33,9.53	19.0,21.0,28.0,38.0,59.0,82.0,77.0,61.0,44.0,31.0,39.0,27.0,67.0,125.0,220.0,114.0,526.0	Austria	Austria	False	False
80	Dambach_a39	39	Waldviertel	Germany	15.65	48.3833	190	C	Same locations used for multiple sites at multiple altitudes; need to check PhD thesis for additional location information (BD)	moss	hand picking	-45	A	False	EMPD1	Dambach, K. 2000: Ein Versuch zur Quantifizierung der gerodeten Landoberflache einzelner Landschaften Mitteleuropas mit Hilfe der Pollenanalyse. Dissertationes botanicae 336.	R/A	Dambach	K.	Karin	No information available	dambach@uni-hohenheim.de	-0.6,0.9,5.0,9.5,14.8,17.7,19.4,18.8,14.7,9.4,3.9,0.8,0.37,9.77,18.63,9.33,9.53	19.0,21.0,28.0,38.0,59.0,82.0,77.0,61.0,44.0,31.0,39.0,27.0,67.0,125.0,220.0,114.0,526.0	Austria	Austria	False	False
81	Dambach_a4	4	Waldviertel	Germany	15.45	48.3167	520	C	Same locations used for multiple sites at multiple altitudes; need to check PhD thesis for additional location information (BD)	moss	hand picking	-45	A	False	EMPD1	Dambach, K. 2000: Ein Versuch zur Quantifizierung der gerodeten Landoberflache einzelner Landschaften Mitteleuropas mit Hilfe der Pollenanalyse. Dissertationes botanicae 336.	R/A	Dambach	K.	Karin	No information available	dambach@uni-hohenheim.de	-1.1,0.1,4.1,7.8,12.5,15.8,17.4,16.8,13.0,8.7,3.3,-0.2,-0.4,8.13,16.67,8.33,8.18	31.0,33.0,42.0,55.0,75.0,91.0,96.0,81.0,57.0,41.0,49.0,39.0,103.0,172.0,268.0,147.0,690.0	Austria	Austria	False	False
82	Dambach_a40	40	Waldviertel	Germany	14.7833	48.45	840	C	Same locations used for multiple sites at multiple altitudes; need to check PhD thesis for additional location information (BD)	moss	hand picking	-45	A	False	EMPD1	Dambach, K. 2000: Ein Versuch zur Quantifizierung der gerodeten Landoberflache einzelner Landschaften Mitteleuropas mit Hilfe der Pollenanalyse. Dissertationes botanicae 336.	R/A	Dambach	K.	Karin	No information available	dambach@uni-hohenheim.de	-2.8,-1.5,1.8,6.0,11.4,14.3,16.2,16.1,11.7,7.4,1.8,-1.7,-2.0,6.4,15.53,6.97,6.73	50.0,48.0,63.0,66.0,83.0,106.0,120.0,96.0,70.0,51.0,59.0,60.0,158.0,212.0,322.0,180.0,872.0	Austria	Austria	False	False
83	Dambach_a41	41	Waldviertel	Germany	14.7833	48.45	840	C	Same locations used for multiple sites at multiple altitudes; need to check PhD thesis for additional location information (BD)	moss	hand picking	-45	A	False	EMPD1	Dambach, K. 2000: Ein Versuch zur Quantifizierung der gerodeten Landoberflache einzelner Landschaften Mitteleuropas mit Hilfe der Pollenanalyse. Dissertationes botanicae 336.	R/A	Dambach	K.	Karin	No information available	dambach@uni-hohenheim.de	-2.8,-1.5,1.8,6.0,11.4,14.3,16.2,16.1,11.7,7.4,1.8,-1.7,-2.0,6.4,15.53,6.97,6.73	50.0,48.0,63.0,66.0,83.0,106.0,120.0,96.0,70.0,51.0,59.0,60.0,158.0,212.0,322.0,180.0,872.0	Austria	Austria	False	False
84	Dambach_a42	42	Waldviertel	Germany	14.7833	48.45	840	C	Same locations used for multiple sites at multiple altitudes; need to check PhD thesis for additional location information (BD)	moss	hand picking	-45	A	False	EMPD1	Dambach, K. 2000: Ein Versuch zur Quantifizierung der gerodeten Landoberflache einzelner Landschaften Mitteleuropas mit Hilfe der Pollenanalyse. Dissertationes botanicae 336.	R/A	Dambach	K.	Karin	No information available	dambach@uni-hohenheim.de	-2.8,-1.5,1.8,6.0,11.4,14.3,16.2,16.1,11.7,7.4,1.8,-1.7,-2.0,6.4,15.53,6.97,6.73	50.0,48.0,63.0,66.0,83.0,106.0,120.0,96.0,70.0,51.0,59.0,60.0,158.0,212.0,322.0,180.0,872.0	Austria	Austria	False	False
85	Dambach_a43	43	Waldviertel	Germany	14.7833	48.45	840	C	Same locations used for multiple sites at multiple altitudes; need to check PhD thesis for additional location information (BD)	moss	hand picking	-45	A	False	EMPD1	Dambach, K. 2000: Ein Versuch zur Quantifizierung der gerodeten Landoberflache einzelner Landschaften Mitteleuropas mit Hilfe der Pollenanalyse. Dissertationes botanicae 336.	R/A	Dambach	K.	Karin	No information available	dambach@uni-hohenheim.de	-2.8,-1.5,1.8,6.0,11.4,14.3,16.2,16.1,11.7,7.4,1.8,-1.7,-2.0,6.4,15.53,6.97,6.73	50.0,48.0,63.0,66.0,83.0,106.0,120.0,96.0,70.0,51.0,59.0,60.0,158.0,212.0,322.0,180.0,872.0	Austria	Austria	False	False
86	Dambach_a44	44	Waldviertel	Germany	14.7833	48.45	850	C	Same locations used for multiple sites at multiple altitudes; need to check PhD thesis for additional location information (BD)	moss	hand picking	-45	A	False	EMPD1	Dambach, K. 2000: Ein Versuch zur Quantifizierung der gerodeten Landoberflache einzelner Landschaften Mitteleuropas mit Hilfe der Pollenanalyse. Dissertationes botanicae 336.	R/A	Dambach	K.	Karin	No information available	dambach@uni-hohenheim.de	-2.8,-1.5,1.8,6.0,11.4,14.3,16.2,16.1,11.7,7.4,1.8,-1.7,-2.0,6.4,15.53,6.97,6.73	50.0,48.0,63.0,66.0,83.0,106.0,120.0,96.0,70.0,51.0,59.0,60.0,158.0,212.0,322.0,180.0,872.0	Austria	Austria	False	False
87	Dambach_a45	45	Waldviertel	Germany	14.7833	48.45	850	C	Same locations used for multiple sites at multiple altitudes; need to check PhD thesis for additional location information (BD)	moss	hand picking	-45	A	False	EMPD1	Dambach, K. 2000: Ein Versuch zur Quantifizierung der gerodeten Landoberflache einzelner Landschaften Mitteleuropas mit Hilfe der Pollenanalyse. Dissertationes botanicae 336.	R/A	Dambach	K.	Karin	No information available	dambach@uni-hohenheim.de	-2.8,-1.5,1.8,6.0,11.4,14.3,16.2,16.1,11.7,7.4,1.8,-1.7,-2.0,6.4,15.53,6.97,6.73	50.0,48.0,63.0,66.0,83.0,106.0,120.0,96.0,70.0,51.0,59.0,60.0,158.0,212.0,322.0,180.0,872.0	Austria	Austria	False	False
88	Dambach_a46	46	Waldviertel	Germany	14.7833	48.45	850	C	Same locations used for multiple sites at multiple altitudes; need to check PhD thesis for additional location information (BD)	moss	hand picking	-45	A	False	EMPD1	Dambach, K. 2000: Ein Versuch zur Quantifizierung der gerodeten Landoberflache einzelner Landschaften Mitteleuropas mit Hilfe der Pollenanalyse. Dissertationes botanicae 336.	R/A	Dambach	K.	Karin	No information available	dambach@uni-hohenheim.de	-2.8,-1.5,1.8,6.0,11.4,14.3,16.2,16.1,11.7,7.4,1.8,-1.7,-2.0,6.4,15.53,6.97,6.73	50.0,48.0,63.0,66.0,83.0,106.0,120.0,96.0,70.0,51.0,59.0,60.0,158.0,212.0,322.0,180.0,872.0	Austria	Austria	False	False
89	Dambach_a47	47	Waldviertel	Germany	14.7833	48.45	850	C	Same locations used for multiple sites at multiple altitudes; need to check PhD thesis for additional location information (BD)	moss	hand picking	-45	A	False	EMPD1	Dambach, K. 2000: Ein Versuch zur Quantifizierung der gerodeten Landoberflache einzelner Landschaften Mitteleuropas mit Hilfe der Pollenanalyse. Dissertationes botanicae 336.	R/A	Dambach	K.	Karin	No information available	dambach@uni-hohenheim.de	-2.8,-1.5,1.8,6.0,11.4,14.3,16.2,16.1,11.7,7.4,1.8,-1.7,-2.0,6.4,15.53,6.97,6.73	50.0,48.0,63.0,66.0,83.0,106.0,120.0,96.0,70.0,51.0,59.0,60.0,158.0,212.0,322.0,180.0,872.0	Austria	Austria	False	False
90	Dambach_a48	48	Waldviertel	Germany	14.7833	48.45	860	C	Same locations used for multiple sites at multiple altitudes; need to check PhD thesis for additional location information (BD)	moss	hand picking	-45	A	False	EMPD1	Dambach, K. 2000: Ein Versuch zur Quantifizierung der gerodeten Landoberflache einzelner Landschaften Mitteleuropas mit Hilfe der Pollenanalyse. Dissertationes botanicae 336.	R/A	Dambach	K.	Karin	No information available	dambach@uni-hohenheim.de	-2.8,-1.5,1.8,6.0,11.4,14.3,16.2,16.1,11.7,7.4,1.8,-1.7,-2.0,6.4,15.53,6.97,6.73	50.0,48.0,63.0,66.0,83.0,106.0,120.0,96.0,70.0,51.0,59.0,60.0,158.0,212.0,322.0,180.0,872.0	Austria	Austria	False	False
91	Dambach_a49	49	Waldviertel	Germany	14.7833	48.45	860	C	Same locations used for multiple sites at multiple altitudes; need to check PhD thesis for additional location information (BD)	moss	hand picking	-45	A	False	EMPD1	Dambach, K. 2000: Ein Versuch zur Quantifizierung der gerodeten Landoberflache einzelner Landschaften Mitteleuropas mit Hilfe der Pollenanalyse. Dissertationes botanicae 336.	R/A	Dambach	K.	Karin	No information available	dambach@uni-hohenheim.de	-2.8,-1.5,1.8,6.0,11.4,14.3,16.2,16.1,11.7,7.4,1.8,-1.7,-2.0,6.4,15.53,6.97,6.73	50.0,48.0,63.0,66.0,83.0,106.0,120.0,96.0,70.0,51.0,59.0,60.0,158.0,212.0,322.0,180.0,872.0	Austria	Austria	False	False
92	Dambach_a5	5	Waldviertel	Germany	15.45	48.3167	520	C	Same locations used for multiple sites at multiple altitudes; need to check PhD thesis for additional location information (BD)	moss	hand picking	-45	A	False	EMPD1	Dambach, K. 2000: Ein Versuch zur Quantifizierung der gerodeten Landoberflache einzelner Landschaften Mitteleuropas mit Hilfe der Pollenanalyse. Dissertationes botanicae 336.	R/A	Dambach	K.	Karin	No information available	dambach@uni-hohenheim.de	-1.1,0.1,4.1,7.8,12.5,15.8,17.4,16.8,13.0,8.7,3.3,-0.2,-0.4,8.13,16.67,8.33,8.18	31.0,33.0,42.0,55.0,75.0,91.0,96.0,81.0,57.0,41.0,49.0,39.0,103.0,172.0,268.0,147.0,690.0	Austria	Austria	False	False
93	Dambach_a50	50	Waldviertel	Germany	14.7833	48.45	860	C	Same locations used for multiple sites at multiple altitudes; need to check PhD thesis for additional location information (BD)	moss	hand picking	-45	A	False	EMPD1	Dambach, K. 2000: Ein Versuch zur Quantifizierung der gerodeten Landoberflache einzelner Landschaften Mitteleuropas mit Hilfe der Pollenanalyse. Dissertationes botanicae 336.	R/A	Dambach	K.	Karin	No information available	dambach@uni-hohenheim.de	-2.8,-1.5,1.8,6.0,11.4,14.3,16.2,16.1,11.7,7.4,1.8,-1.7,-2.0,6.4,15.53,6.97,6.73	50.0,48.0,63.0,66.0,83.0,106.0,120.0,96.0,70.0,51.0,59.0,60.0,158.0,212.0,322.0,180.0,872.0	Austria	Austria	False	False
94	Dambach_a51	51	Waldviertel	Germany	14.7833	48.45	860	C	Same locations used for multiple sites at multiple altitudes; need to check PhD thesis for additional location information (BD)	moss	hand picking	-45	A	False	EMPD1	Dambach, K. 2000: Ein Versuch zur Quantifizierung der gerodeten Landoberflache einzelner Landschaften Mitteleuropas mit Hilfe der Pollenanalyse. Dissertationes botanicae 336.	R/A	Dambach	K.	Karin	No information available	dambach@uni-hohenheim.de	-2.8,-1.5,1.8,6.0,11.4,14.3,16.2,16.1,11.7,7.4,1.8,-1.7,-2.0,6.4,15.53,6.97,6.73	50.0,48.0,63.0,66.0,83.0,106.0,120.0,96.0,70.0,51.0,59.0,60.0,158.0,212.0,322.0,180.0,872.0	Austria	Austria	False	False
95	Dambach_a52	52	Waldviertel	Germany	14.7833	48.45	860	C	Same locations used for multiple sites at multiple altitudes; need to check PhD thesis for additional location information (BD)	moss	hand picking	-45	A	False	EMPD1	Dambach, K. 2000: Ein Versuch zur Quantifizierung der gerodeten Landoberflache einzelner Landschaften Mitteleuropas mit Hilfe der Pollenanalyse. Dissertationes botanicae 336.	R/A	Dambach	K.	Karin	No information available	dambach@uni-hohenheim.de	-2.8,-1.5,1.8,6.0,11.4,14.3,16.2,16.1,11.7,7.4,1.8,-1.7,-2.0,6.4,15.53,6.97,6.73	50.0,48.0,63.0,66.0,83.0,106.0,120.0,96.0,70.0,51.0,59.0,60.0,158.0,212.0,322.0,180.0,872.0	Austria	Austria	False	False
96	Dambach_a53	53	Waldviertel	Germany	14.7833	48.45	850	C	Same locations used for multiple sites at multiple altitudes; need to check PhD thesis for additional location information (BD)	moss	hand picking	-45	A	False	EMPD1	Dambach, K. 2000: Ein Versuch zur Quantifizierung der gerodeten Landoberflache einzelner Landschaften Mitteleuropas mit Hilfe der Pollenanalyse. Dissertationes botanicae 336.	R/A	Dambach	K.	Karin	No information available	dambach@uni-hohenheim.de	-2.8,-1.5,1.8,6.0,11.4,14.3,16.2,16.1,11.7,7.4,1.8,-1.7,-2.0,6.4,15.53,6.97,6.73	50.0,48.0,63.0,66.0,83.0,106.0,120.0,96.0,70.0,51.0,59.0,60.0,158.0,212.0,322.0,180.0,872.0	Austria	Austria	False	False
97	Dambach_a54	54	Waldviertel	Germany	14.7833	48.45	850	C	Same locations used for multiple sites at multiple altitudes; need to check PhD thesis for additional location information (BD)	moss	hand picking	-45	A	False	EMPD1	Dambach, K. 2000: Ein Versuch zur Quantifizierung der gerodeten Landoberflache einzelner Landschaften Mitteleuropas mit Hilfe der Pollenanalyse. Dissertationes botanicae 336.	R/A	Dambach	K.	Karin	No information available	dambach@uni-hohenheim.de	-2.8,-1.5,1.8,6.0,11.4,14.3,16.2,16.1,11.7,7.4,1.8,-1.7,-2.0,6.4,15.53,6.97,6.73	50.0,48.0,63.0,66.0,83.0,106.0,120.0,96.0,70.0,51.0,59.0,60.0,158.0,212.0,322.0,180.0,872.0	Austria	Austria	False	False
98	Dambach_a55	55	Waldviertel	Germany	14.7833	48.45	850	C	Same locations used for multiple sites at multiple altitudes; need to check PhD thesis for additional location information (BD)	moss	hand picking	-45	A	False	EMPD1	Dambach, K. 2000: Ein Versuch zur Quantifizierung der gerodeten Landoberflache einzelner Landschaften Mitteleuropas mit Hilfe der Pollenanalyse. Dissertationes botanicae 336.	R/A	Dambach	K.	Karin	No information available	dambach@uni-hohenheim.de	-2.8,-1.5,1.8,6.0,11.4,14.3,16.2,16.1,11.7,7.4,1.8,-1.7,-2.0,6.4,15.53,6.97,6.73	50.0,48.0,63.0,66.0,83.0,106.0,120.0,96.0,70.0,51.0,59.0,60.0,158.0,212.0,322.0,180.0,872.0	Austria	Austria	False	False
99	Dambach_a56	56	Waldviertel	Germany	14.7833	48.45	850	C	Same locations used for multiple sites at multiple altitudes; need to check PhD thesis for additional location information (BD)	moss	hand picking	-45	A	False	EMPD1	Dambach, K. 2000: Ein Versuch zur Quantifizierung der gerodeten Landoberflache einzelner Landschaften Mitteleuropas mit Hilfe der Pollenanalyse. Dissertationes botanicae 336.	R/A	Dambach	K.	Karin	No information available	dambach@uni-hohenheim.de	-2.8,-1.5,1.8,6.0,11.4,14.3,16.2,16.1,11.7,7.4,1.8,-1.7,-2.0,6.4,15.53,6.97,6.73	50.0,48.0,63.0,66.0,83.0,106.0,120.0,96.0,70.0,51.0,59.0,60.0,158.0,212.0,322.0,180.0,872.0	Austria	Austria	False	False
100	Dambach_a57	57	Waldviertel	Germany	14.8167	48.45	900	C	Same locations used for multiple sites at multiple altitudes; need to check PhD thesis for additional location information (BD)	moss	hand picking	-45	A	False	EMPD1	Dambach, K. 2000: Ein Versuch zur Quantifizierung der gerodeten Landoberflache einzelner Landschaften Mitteleuropas mit Hilfe der Pollenanalyse. Dissertationes botanicae 336.	R/A	Dambach	K.	Karin	No information available	dambach@uni-hohenheim.de	-3.1,-2.0,1.3,5.2,10.6,13.4,15.3,15.3,11.2,6.8,1.2,-2.0,-2.37,5.7,14.67,6.4,6.1	57.0,54.0,70.0,72.0,90.0,113.0,129.0,104.0,78.0,57.0,65.0,68.0,179.0,232.0,346.0,200.0,957.0	Austria	Austria	False	False
101	Dambach_a58	58	Waldviertel	Germany	14.8167	48.45	900	C	Same locations used for multiple sites at multiple altitudes; need to check PhD thesis for additional location information (BD)	moss	hand picking	-45	A	False	EMPD1	Dambach, K. 2000: Ein Versuch zur Quantifizierung der gerodeten Landoberflache einzelner Landschaften Mitteleuropas mit Hilfe der Pollenanalyse. Dissertationes botanicae 336.	R/A	Dambach	K.	Karin	No information available	dambach@uni-hohenheim.de	-3.1,-2.0,1.3,5.2,10.6,13.4,15.3,15.3,11.2,6.8,1.2,-2.0,-2.37,5.7,14.67,6.4,6.1	57.0,54.0,70.0,72.0,90.0,113.0,129.0,104.0,78.0,57.0,65.0,68.0,179.0,232.0,346.0,200.0,957.0	Austria	Austria	False	False
102	Dambach_a59	59	Waldviertel	Germany	14.8167	48.45	900	C	Same locations used for multiple sites at multiple altitudes; need to check PhD thesis for additional location information (BD)	moss	hand picking	-45	A	False	EMPD1	Dambach, K. 2000: Ein Versuch zur Quantifizierung der gerodeten Landoberflache einzelner Landschaften Mitteleuropas mit Hilfe der Pollenanalyse. Dissertationes botanicae 336.	R/A	Dambach	K.	Karin	No information available	dambach@uni-hohenheim.de	-3.1,-2.0,1.3,5.2,10.6,13.4,15.3,15.3,11.2,6.8,1.2,-2.0,-2.37,5.7,14.67,6.4,6.1	57.0,54.0,70.0,72.0,90.0,113.0,129.0,104.0,78.0,57.0,65.0,68.0,179.0,232.0,346.0,200.0,957.0	Austria	Austria	False	False
103	Dambach_a6	6	Waldviertel	Germany	15.45	48.3167	520	C	Same locations used for multiple sites at multiple altitudes; need to check PhD thesis for additional location information (BD)	moss	hand picking	-45	A	False	EMPD1	Dambach, K. 2000: Ein Versuch zur Quantifizierung der gerodeten Landoberflache einzelner Landschaften Mitteleuropas mit Hilfe der Pollenanalyse. Dissertationes botanicae 336.	R/A	Dambach	K.	Karin	No information available	dambach@uni-hohenheim.de	-1.1,0.1,4.1,7.8,12.5,15.8,17.4,16.8,13.0,8.7,3.3,-0.2,-0.4,8.13,16.67,8.33,8.18	31.0,33.0,42.0,55.0,75.0,91.0,96.0,81.0,57.0,41.0,49.0,39.0,103.0,172.0,268.0,147.0,690.0	Austria	Austria	False	False
104	Dambach_a60	60	Waldviertel	Germany	14.8167	48.45	900	C	Same locations used for multiple sites at multiple altitudes; need to check PhD thesis for additional location information (BD)	moss	hand picking	-45	A	False	EMPD1	Dambach, K. 2000: Ein Versuch zur Quantifizierung der gerodeten Landoberflache einzelner Landschaften Mitteleuropas mit Hilfe der Pollenanalyse. Dissertationes botanicae 336.	R/A	Dambach	K.	Karin	No information available	dambach@uni-hohenheim.de	-3.1,-2.0,1.3,5.2,10.6,13.4,15.3,15.3,11.2,6.8,1.2,-2.0,-2.37,5.7,14.67,6.4,6.1	57.0,54.0,70.0,72.0,90.0,113.0,129.0,104.0,78.0,57.0,65.0,68.0,179.0,232.0,346.0,200.0,957.0	Austria	Austria	False	False
105	Dambach_a61	61	Waldviertel	Germany	14.8167	48.45	890	C	Same locations used for multiple sites at multiple altitudes; need to check PhD thesis for additional location information (BD)	moss	hand picking	-45	A	False	EMPD1	Dambach, K. 2000: Ein Versuch zur Quantifizierung der gerodeten Landoberflache einzelner Landschaften Mitteleuropas mit Hilfe der Pollenanalyse. Dissertationes botanicae 336.	R/A	Dambach	K.	Karin	No information available	dambach@uni-hohenheim.de	-3.1,-2.0,1.3,5.2,10.6,13.4,15.3,15.3,11.2,6.8,1.2,-2.0,-2.37,5.7,14.67,6.4,6.1	57.0,54.0,70.0,72.0,90.0,113.0,129.0,104.0,78.0,57.0,65.0,68.0,179.0,232.0,346.0,200.0,957.0	Austria	Austria	False	False
106	Dambach_a62	62	Waldviertel	Germany	14.8167	48.45	890	C	Same locations used for multiple sites at multiple altitudes; need to check PhD thesis for additional location information (BD)	moss	hand picking	-45	A	False	EMPD1	Dambach, K. 2000: Ein Versuch zur Quantifizierung der gerodeten Landoberflache einzelner Landschaften Mitteleuropas mit Hilfe der Pollenanalyse. Dissertationes botanicae 336.	R/A	Dambach	K.	Karin	No information available	dambach@uni-hohenheim.de	-3.1,-2.0,1.3,5.2,10.6,13.4,15.3,15.3,11.2,6.8,1.2,-2.0,-2.37,5.7,14.67,6.4,6.1	57.0,54.0,70.0,72.0,90.0,113.0,129.0,104.0,78.0,57.0,65.0,68.0,179.0,232.0,346.0,200.0,957.0	Austria	Austria	False	False
107	Dambach_a63	63	Waldviertel	Germany	14.8167	48.45	890	C	Same locations used for multiple sites at multiple altitudes; need to check PhD thesis for additional location information (BD)	moss	hand picking	-45	A	False	EMPD1	Dambach, K. 2000: Ein Versuch zur Quantifizierung der gerodeten Landoberflache einzelner Landschaften Mitteleuropas mit Hilfe der Pollenanalyse. Dissertationes botanicae 336.	R/A	Dambach	K.	Karin	No information available	dambach@uni-hohenheim.de	-3.1,-2.0,1.3,5.2,10.6,13.4,15.3,15.3,11.2,6.8,1.2,-2.0,-2.37,5.7,14.67,6.4,6.1	57.0,54.0,70.0,72.0,90.0,113.0,129.0,104.0,78.0,57.0,65.0,68.0,179.0,232.0,346.0,200.0,957.0	Austria	Austria	False	False
108	Dambach_a64	64	Waldviertel	Germany	14.8167	48.45	890	C	Same locations used for multiple sites at multiple altitudes; need to check PhD thesis for additional location information (BD)	moss	hand picking	-45	A	False	EMPD1	Dambach, K. 2000: Ein Versuch zur Quantifizierung der gerodeten Landoberflache einzelner Landschaften Mitteleuropas mit Hilfe der Pollenanalyse. Dissertationes botanicae 336.	R/A	Dambach	K.	Karin	No information available	dambach@uni-hohenheim.de	-3.1,-2.0,1.3,5.2,10.6,13.4,15.3,15.3,11.2,6.8,1.2,-2.0,-2.37,5.7,14.67,6.4,6.1	57.0,54.0,70.0,72.0,90.0,113.0,129.0,104.0,78.0,57.0,65.0,68.0,179.0,232.0,346.0,200.0,957.0	Austria	Austria	False	False
109	Dambach_a65	65	Waldviertel	Germany	15.0333	48.45	970	C	Same locations used for multiple sites at multiple altitudes; need to check PhD thesis for additional location information (BD)	moss	hand picking	-45	A	False	EMPD1	Dambach, K. 2000: Ein Versuch zur Quantifizierung der gerodeten Landoberflache einzelner Landschaften Mitteleuropas mit Hilfe der Pollenanalyse. Dissertationes botanicae 336.	R/A	Dambach	K.	Karin	No information available	dambach@uni-hohenheim.de	-2.8,-1.8,1.6,5.4,11.0,13.7,15.5,15.4,11.5,6.5,0.8,-1.9,-2.17,6.0,14.87,6.27,6.24	50.0,48.0,63.0,69.0,89.0,107.0,121.0,99.0,73.0,52.0,60.0,59.0,157.0,221.0,327.0,185.0,890.0	Austria	Austria	False	False
110	Dambach_a66	66	Waldviertel	Germany	15.0333	48.45	970	C	Same locations used for multiple sites at multiple altitudes; need to check PhD thesis for additional location information (BD)	moss	hand picking	-45	A	False	EMPD1	Dambach, K. 2000: Ein Versuch zur Quantifizierung der gerodeten Landoberflache einzelner Landschaften Mitteleuropas mit Hilfe der Pollenanalyse. Dissertationes botanicae 336.	R/A	Dambach	K.	Karin	No information available	dambach@uni-hohenheim.de	-2.8,-1.8,1.6,5.4,11.0,13.7,15.5,15.4,11.5,6.5,0.8,-1.9,-2.17,6.0,14.87,6.27,6.24	50.0,48.0,63.0,69.0,89.0,107.0,121.0,99.0,73.0,52.0,60.0,59.0,157.0,221.0,327.0,185.0,890.0	Austria	Austria	False	False
111	Dambach_a67	67	Waldviertel	Germany	15.0333	48.45	970	C	Same locations used for multiple sites at multiple altitudes; need to check PhD thesis for additional location information (BD)	moss	hand picking	-45	A	False	EMPD1	Dambach, K. 2000: Ein Versuch zur Quantifizierung der gerodeten Landoberflache einzelner Landschaften Mitteleuropas mit Hilfe der Pollenanalyse. Dissertationes botanicae 336.	R/A	Dambach	K.	Karin	No information available	dambach@uni-hohenheim.de	-2.8,-1.8,1.6,5.4,11.0,13.7,15.5,15.4,11.5,6.5,0.8,-1.9,-2.17,6.0,14.87,6.27,6.24	50.0,48.0,63.0,69.0,89.0,107.0,121.0,99.0,73.0,52.0,60.0,59.0,157.0,221.0,327.0,185.0,890.0	Austria	Austria	False	False
112	Dambach_a68	68	Waldviertel	Germany	15.0333	48.45	970	C	Same locations used for multiple sites at multiple altitudes; need to check PhD thesis for additional location information (BD)	moss	hand picking	-45	A	False	EMPD1	Dambach, K. 2000: Ein Versuch zur Quantifizierung der gerodeten Landoberflache einzelner Landschaften Mitteleuropas mit Hilfe der Pollenanalyse. Dissertationes botanicae 336.	R/A	Dambach	K.	Karin	No information available	dambach@uni-hohenheim.de	-2.8,-1.8,1.6,5.4,11.0,13.7,15.5,15.4,11.5,6.5,0.8,-1.9,-2.17,6.0,14.87,6.27,6.24	50.0,48.0,63.0,69.0,89.0,107.0,121.0,99.0,73.0,52.0,60.0,59.0,157.0,221.0,327.0,185.0,890.0	Austria	Austria	False	False
113	Dambach_a69	69	Waldviertel	Germany	15.0333	48.45	940	C	Same locations used for multiple sites at multiple altitudes; need to check PhD thesis for additional location information (BD)	moss	hand picking	-45	A	False	EMPD1	Dambach, K. 2000: Ein Versuch zur Quantifizierung der gerodeten Landoberflache einzelner Landschaften Mitteleuropas mit Hilfe der Pollenanalyse. Dissertationes botanicae 336.	R/A	Dambach	K.	Karin	No information available	dambach@uni-hohenheim.de	-2.8,-1.8,1.6,5.4,11.0,13.7,15.5,15.4,11.5,6.5,0.8,-1.9,-2.17,6.0,14.87,6.27,6.24	50.0,48.0,63.0,69.0,89.0,107.0,121.0,99.0,73.0,52.0,60.0,59.0,157.0,221.0,327.0,185.0,890.0	Austria	Austria	False	False
114	Dambach_a7	7	Waldviertel	Germany	15.45	48.3167	520	C	Same locations used for multiple sites at multiple altitudes; need to check PhD thesis for additional location information (BD)	moss	hand picking	-45	A	False	EMPD1	Dambach, K. 2000: Ein Versuch zur Quantifizierung der gerodeten Landoberflache einzelner Landschaften Mitteleuropas mit Hilfe der Pollenanalyse. Dissertationes botanicae 336.	R/A	Dambach	K.	Karin	No information available	dambach@uni-hohenheim.de	-1.1,0.1,4.1,7.8,12.5,15.8,17.4,16.8,13.0,8.7,3.3,-0.2,-0.4,8.13,16.67,8.33,8.18	31.0,33.0,42.0,55.0,75.0,91.0,96.0,81.0,57.0,41.0,49.0,39.0,103.0,172.0,268.0,147.0,690.0	Austria	Austria	False	False
115	Dambach_a70	70	Waldviertel	Germany	15.0333	48.45	940	C	Same locations used for multiple sites at multiple altitudes; need to check PhD thesis for additional location information (BD)	moss	hand picking	-45	A	False	EMPD1	Dambach, K. 2000: Ein Versuch zur Quantifizierung der gerodeten Landoberflache einzelner Landschaften Mitteleuropas mit Hilfe der Pollenanalyse. Dissertationes botanicae 336.	R/A	Dambach	K.	Karin	No information available	dambach@uni-hohenheim.de	-2.8,-1.8,1.6,5.4,11.0,13.7,15.5,15.4,11.5,6.5,0.8,-1.9,-2.17,6.0,14.87,6.27,6.24	50.0,48.0,63.0,69.0,89.0,107.0,121.0,99.0,73.0,52.0,60.0,59.0,157.0,221.0,327.0,185.0,890.0	Austria	Austria	False	False
116	Dambach_a71	71	Waldviertel	Germany	15.0333	48.45	940	C	Same locations used for multiple sites at multiple altitudes; need to check PhD thesis for additional location information (BD)	moss	hand picking	-45	A	False	EMPD1	Dambach, K. 2000: Ein Versuch zur Quantifizierung der gerodeten Landoberflache einzelner Landschaften Mitteleuropas mit Hilfe der Pollenanalyse. Dissertationes botanicae 336.	R/A	Dambach	K.	Karin	No information available	dambach@uni-hohenheim.de	-2.8,-1.8,1.6,5.4,11.0,13.7,15.5,15.4,11.5,6.5,0.8,-1.9,-2.17,6.0,14.87,6.27,6.24	50.0,48.0,63.0,69.0,89.0,107.0,121.0,99.0,73.0,52.0,60.0,59.0,157.0,221.0,327.0,185.0,890.0	Austria	Austria	False	False
117	Dambach_a72	72	Waldviertel	Germany	15.0333	48.45	940	C	Same locations used for multiple sites at multiple altitudes; need to check PhD thesis for additional location information (BD)	moss	hand picking	-45	A	False	EMPD1	Dambach, K. 2000: Ein Versuch zur Quantifizierung der gerodeten Landoberflache einzelner Landschaften Mitteleuropas mit Hilfe der Pollenanalyse. Dissertationes botanicae 336.	R/A	Dambach	K.	Karin	No information available	dambach@uni-hohenheim.de	-2.8,-1.8,1.6,5.4,11.0,13.7,15.5,15.4,11.5,6.5,0.8,-1.9,-2.17,6.0,14.87,6.27,6.24	50.0,48.0,63.0,69.0,89.0,107.0,121.0,99.0,73.0,52.0,60.0,59.0,157.0,221.0,327.0,185.0,890.0	Austria	Austria	False	False
118	Dambach_a73	73	Waldviertel	Germany	15.0333	48.45	940	C	Same locations used for multiple sites at multiple altitudes; need to check PhD thesis for additional location information (BD)	moss	hand picking	-45	A	False	EMPD1	Dambach, K. 2000: Ein Versuch zur Quantifizierung der gerodeten Landoberflache einzelner Landschaften Mitteleuropas mit Hilfe der Pollenanalyse. Dissertationes botanicae 336.	R/A	Dambach	K.	Karin	No information available	dambach@uni-hohenheim.de	-2.8,-1.8,1.6,5.4,11.0,13.7,15.5,15.4,11.5,6.5,0.8,-1.9,-2.17,6.0,14.87,6.27,6.24	50.0,48.0,63.0,69.0,89.0,107.0,121.0,99.0,73.0,52.0,60.0,59.0,157.0,221.0,327.0,185.0,890.0	Austria	Austria	False	False
119	Dambach_a74	74	Waldviertel	Germany	15.0333	48.45	950	C	Same locations used for multiple sites at multiple altitudes; need to check PhD thesis for additional location information (BD)	moss	hand picking	-45	A	False	EMPD1	Dambach, K. 2000: Ein Versuch zur Quantifizierung der gerodeten Landoberflache einzelner Landschaften Mitteleuropas mit Hilfe der Pollenanalyse. Dissertationes botanicae 336.	R/A	Dambach	K.	Karin	No information available	dambach@uni-hohenheim.de	-2.8,-1.8,1.6,5.4,11.0,13.7,15.5,15.4,11.5,6.5,0.8,-1.9,-2.17,6.0,14.87,6.27,6.24	50.0,48.0,63.0,69.0,89.0,107.0,121.0,99.0,73.0,52.0,60.0,59.0,157.0,221.0,327.0,185.0,890.0	Austria	Austria	False	False
120	Dambach_a75	75	Waldviertel	Germany	15.0333	48.45	950	C	Same locations used for multiple sites at multiple altitudes; need to check PhD thesis for additional location information (BD)	moss	hand picking	-45	A	False	EMPD1	Dambach, K. 2000: Ein Versuch zur Quantifizierung der gerodeten Landoberflache einzelner Landschaften Mitteleuropas mit Hilfe der Pollenanalyse. Dissertationes botanicae 336.	R/A	Dambach	K.	Karin	No information available	dambach@uni-hohenheim.de	-2.8,-1.8,1.6,5.4,11.0,13.7,15.5,15.4,11.5,6.5,0.8,-1.9,-2.17,6.0,14.87,6.27,6.24	50.0,48.0,63.0,69.0,89.0,107.0,121.0,99.0,73.0,52.0,60.0,59.0,157.0,221.0,327.0,185.0,890.0	Austria	Austria	False	False
121	Dambach_a76	76	Waldviertel	Germany	15.0333	48.45	950	C	Same locations used for multiple sites at multiple altitudes; need to check PhD thesis for additional location information (BD)	moss	hand picking	-45	A	False	EMPD1	Dambach, K. 2000: Ein Versuch zur Quantifizierung der gerodeten Landoberflache einzelner Landschaften Mitteleuropas mit Hilfe der Pollenanalyse. Dissertationes botanicae 336.	R/A	Dambach	K.	Karin	No information available	dambach@uni-hohenheim.de	-2.8,-1.8,1.6,5.4,11.0,13.7,15.5,15.4,11.5,6.5,0.8,-1.9,-2.17,6.0,14.87,6.27,6.24	50.0,48.0,63.0,69.0,89.0,107.0,121.0,99.0,73.0,52.0,60.0,59.0,157.0,221.0,327.0,185.0,890.0	Austria	Austria	False	False
122	Dambach_a77	77	Waldviertel	Germany	15.0333	48.45	950	C	Same locations used for multiple sites at multiple altitudes; need to check PhD thesis for additional location information (BD)	moss	hand picking	-45	A	False	EMPD1	Dambach, K. 2000: Ein Versuch zur Quantifizierung der gerodeten Landoberflache einzelner Landschaften Mitteleuropas mit Hilfe der Pollenanalyse. Dissertationes botanicae 336.	R/A	Dambach	K.	Karin	No information available	dambach@uni-hohenheim.de	-2.8,-1.8,1.6,5.4,11.0,13.7,15.5,15.4,11.5,6.5,0.8,-1.9,-2.17,6.0,14.87,6.27,6.24	50.0,48.0,63.0,69.0,89.0,107.0,121.0,99.0,73.0,52.0,60.0,59.0,157.0,221.0,327.0,185.0,890.0	Austria	Austria	False	False
123	Dambach_a78	78	Waldviertel	Germany	15.0333	48.45	950	C	Same locations used for multiple sites at multiple altitudes; need to check PhD thesis for additional location information (BD)	moss	hand picking	-45	A	False	EMPD1	Dambach, K. 2000: Ein Versuch zur Quantifizierung der gerodeten Landoberflache einzelner Landschaften Mitteleuropas mit Hilfe der Pollenanalyse. Dissertationes botanicae 336.	R/A	Dambach	K.	Karin	No information available	dambach@uni-hohenheim.de	-2.8,-1.8,1.6,5.4,11.0,13.7,15.5,15.4,11.5,6.5,0.8,-1.9,-2.17,6.0,14.87,6.27,6.24	50.0,48.0,63.0,69.0,89.0,107.0,121.0,99.0,73.0,52.0,60.0,59.0,157.0,221.0,327.0,185.0,890.0	Austria	Austria	False	False
124	Dambach_a79	79	Waldviertel	Germany	15.0333	48.45	950	C	Same locations used for multiple sites at multiple altitudes; need to check PhD thesis for additional location information (BD)	moss	hand picking	-45	A	False	EMPD1	Dambach, K. 2000: Ein Versuch zur Quantifizierung der gerodeten Landoberflache einzelner Landschaften Mitteleuropas mit Hilfe der Pollenanalyse. Dissertationes botanicae 336.	R/A	Dambach	K.	Karin	No information available	dambach@uni-hohenheim.de	-2.8,-1.8,1.6,5.4,11.0,13.7,15.5,15.4,11.5,6.5,0.8,-1.9,-2.17,6.0,14.87,6.27,6.24	50.0,48.0,63.0,69.0,89.0,107.0,121.0,99.0,73.0,52.0,60.0,59.0,157.0,221.0,327.0,185.0,890.0	Austria	Austria	False	False
125	Dambach_a8	8	Waldviertel	Germany	15.45	48.3167	511	C	Same locations used for multiple sites at multiple altitudes; need to check PhD thesis for additional location information (BD)	moss	hand picking	-45	A	False	EMPD1	Dambach, K. 2000: Ein Versuch zur Quantifizierung der gerodeten Landoberflache einzelner Landschaften Mitteleuropas mit Hilfe der Pollenanalyse. Dissertationes botanicae 336.	R/A	Dambach	K.	Karin	No information available	dambach@uni-hohenheim.de	-1.1,0.1,4.1,7.8,12.5,15.8,17.4,16.8,13.0,8.7,3.3,-0.2,-0.4,8.13,16.67,8.33,8.18	31.0,33.0,42.0,55.0,75.0,91.0,96.0,81.0,57.0,41.0,49.0,39.0,103.0,172.0,268.0,147.0,690.0	Austria	Austria	False	False
126	Dambach_a80	80	Waldviertel	Germany	15.0333	48.45	1000	C	Same locations used for multiple sites at multiple altitudes; need to check PhD thesis for additional location information (BD)	moss	hand picking	-45	A	False	EMPD1	Dambach, K. 2000: Ein Versuch zur Quantifizierung der gerodeten Landoberflache einzelner Landschaften Mitteleuropas mit Hilfe der Pollenanalyse. Dissertationes botanicae 336.	R/A	Dambach	K.	Karin	No information available	dambach@uni-hohenheim.de	-2.8,-1.8,1.6,5.4,11.0,13.7,15.5,15.4,11.5,6.5,0.8,-1.9,-2.17,6.0,14.87,6.27,6.24	50.0,48.0,63.0,69.0,89.0,107.0,121.0,99.0,73.0,52.0,60.0,59.0,157.0,221.0,327.0,185.0,890.0	Austria	Austria	False	False
127	Dambach_a81	81	Waldviertel	Germany	15.0333	48.45	1000	C	Same locations used for multiple sites at multiple altitudes; need to check PhD thesis for additional location information (BD)	moss	hand picking	-45	A	False	EMPD1	Dambach, K. 2000: Ein Versuch zur Quantifizierung der gerodeten Landoberflache einzelner Landschaften Mitteleuropas mit Hilfe der Pollenanalyse. Dissertationes botanicae 336.	R/A	Dambach	K.	Karin	No information available	dambach@uni-hohenheim.de	-2.8,-1.8,1.6,5.4,11.0,13.7,15.5,15.4,11.5,6.5,0.8,-1.9,-2.17,6.0,14.87,6.27,6.24	50.0,48.0,63.0,69.0,89.0,107.0,121.0,99.0,73.0,52.0,60.0,59.0,157.0,221.0,327.0,185.0,890.0	Austria	Austria	False	False
128	Dambach_a82	82	Waldviertel	Germany	15.0333	48.45	1000	C	Same locations used for multiple sites at multiple altitudes; need to check PhD thesis for additional location information (BD)	moss	hand picking	-45	A	False	EMPD1	Dambach, K. 2000: Ein Versuch zur Quantifizierung der gerodeten Landoberflache einzelner Landschaften Mitteleuropas mit Hilfe der Pollenanalyse. Dissertationes botanicae 336.	R/A	Dambach	K.	Karin	No information available	dambach@uni-hohenheim.de	-2.8,-1.8,1.6,5.4,11.0,13.7,15.5,15.4,11.5,6.5,0.8,-1.9,-2.17,6.0,14.87,6.27,6.24	50.0,48.0,63.0,69.0,89.0,107.0,121.0,99.0,73.0,52.0,60.0,59.0,157.0,221.0,327.0,185.0,890.0	Austria	Austria	False	False
129	Dambach_a83	83	Waldviertel	Germany	15.0333	48.45	1000	C	Same locations used for multiple sites at multiple altitudes; need to check PhD thesis for additional location information (BD)	moss	hand picking	-45	A	False	EMPD1	Dambach, K. 2000: Ein Versuch zur Quantifizierung der gerodeten Landoberflache einzelner Landschaften Mitteleuropas mit Hilfe der Pollenanalyse. Dissertationes botanicae 336.	R/A	Dambach	K.	Karin	No information available	dambach@uni-hohenheim.de	-2.8,-1.8,1.6,5.4,11.0,13.7,15.5,15.4,11.5,6.5,0.8,-1.9,-2.17,6.0,14.87,6.27,6.24	50.0,48.0,63.0,69.0,89.0,107.0,121.0,99.0,73.0,52.0,60.0,59.0,157.0,221.0,327.0,185.0,890.0	Austria	Austria	False	False
130	Dambach_a84	84	Waldviertel	Germany	15.0333	48.45	1000	C	Same locations used for multiple sites at multiple altitudes; need to check PhD thesis for additional location information (BD)	moss	hand picking	-45	A	False	EMPD1	Dambach, K. 2000: Ein Versuch zur Quantifizierung der gerodeten Landoberflache einzelner Landschaften Mitteleuropas mit Hilfe der Pollenanalyse. Dissertationes botanicae 336.	R/A	Dambach	K.	Karin	No information available	dambach@uni-hohenheim.de	-2.8,-1.8,1.6,5.4,11.0,13.7,15.5,15.4,11.5,6.5,0.8,-1.9,-2.17,6.0,14.87,6.27,6.24	50.0,48.0,63.0,69.0,89.0,107.0,121.0,99.0,73.0,52.0,60.0,59.0,157.0,221.0,327.0,185.0,890.0	Austria	Austria	False	False
131	Dambach_a85	85	Waldviertel	Germany	15.1667	48.45	816	C	Same locations used for multiple sites at multiple altitudes; need to check PhD thesis for additional location information (BD)	moss	hand picking	-45	A	False	EMPD1	Dambach, K. 2000: Ein Versuch zur Quantifizierung der gerodeten Landoberflache einzelner Landschaften Mitteleuropas mit Hilfe der Pollenanalyse. Dissertationes botanicae 336.	R/A	Dambach	K.	Karin	No information available	dambach@uni-hohenheim.de	-3.0,-2.0,1.5,5.3,10.9,13.5,15.4,15.4,11.5,6.4,0.8,-1.8,-2.27,5.9,14.77,6.23,6.16	49.0,47.0,62.0,68.0,86.0,107.0,119.0,98.0,73.0,52.0,59.0,57.0,153.0,216.0,324.0,184.0,877.0	Austria	Austria	False	False
132	Dambach_a86	86	Waldviertel	Germany	15.1667	48.45	816	C	Same locations used for multiple sites at multiple altitudes; need to check PhD thesis for additional location information (BD)	moss	hand picking	-45	A	False	EMPD1	Dambach, K. 2000: Ein Versuch zur Quantifizierung der gerodeten Landoberflache einzelner Landschaften Mitteleuropas mit Hilfe der Pollenanalyse. Dissertationes botanicae 336.	R/A	Dambach	K.	Karin	No information available	dambach@uni-hohenheim.de	-3.0,-2.0,1.5,5.3,10.9,13.5,15.4,15.4,11.5,6.4,0.8,-1.8,-2.27,5.9,14.77,6.23,6.16	49.0,47.0,62.0,68.0,86.0,107.0,119.0,98.0,73.0,52.0,59.0,57.0,153.0,216.0,324.0,184.0,877.0	Austria	Austria	False	False
133	Dambach_a87	87	Waldviertel	Germany	15.1667	48.45	816	C	Same locations used for multiple sites at multiple altitudes; need to check PhD thesis for additional location information (BD)	moss	hand picking	-45	A	False	EMPD1	Dambach, K. 2000: Ein Versuch zur Quantifizierung der gerodeten Landoberflache einzelner Landschaften Mitteleuropas mit Hilfe der Pollenanalyse. Dissertationes botanicae 336.	R/A	Dambach	K.	Karin	No information available	dambach@uni-hohenheim.de	-3.0,-2.0,1.5,5.3,10.9,13.5,15.4,15.4,11.5,6.4,0.8,-1.8,-2.27,5.9,14.77,6.23,6.16	49.0,47.0,62.0,68.0,86.0,107.0,119.0,98.0,73.0,52.0,59.0,57.0,153.0,216.0,324.0,184.0,877.0	Austria	Austria	False	False
134	Dambach_a88	88	Waldviertel	Germany	15.1667	48.45	816	C	Same locations used for multiple sites at multiple altitudes; need to check PhD thesis for additional location information (BD)	moss	hand picking	-45	A	False	EMPD1	Dambach, K. 2000: Ein Versuch zur Quantifizierung der gerodeten Landoberflache einzelner Landschaften Mitteleuropas mit Hilfe der Pollenanalyse. Dissertationes botanicae 336.	R/A	Dambach	K.	Karin	No information available	dambach@uni-hohenheim.de	-3.0,-2.0,1.5,5.3,10.9,13.5,15.4,15.4,11.5,6.4,0.8,-1.8,-2.27,5.9,14.77,6.23,6.16	49.0,47.0,62.0,68.0,86.0,107.0,119.0,98.0,73.0,52.0,59.0,57.0,153.0,216.0,324.0,184.0,877.0	Austria	Austria	False	False
135	Dambach_a89	89	Waldviertel	Germany	15.1667	48.45	770	C	Same locations used for multiple sites at multiple altitudes; need to check PhD thesis for additional location information (BD)	moss	hand picking	-45	A	False	EMPD1	Dambach, K. 2000: Ein Versuch zur Quantifizierung der gerodeten Landoberflache einzelner Landschaften Mitteleuropas mit Hilfe der Pollenanalyse. Dissertationes botanicae 336.	R/A	Dambach	K.	Karin	No information available	dambach@uni-hohenheim.de	-3.0,-2.0,1.5,5.3,10.9,13.5,15.4,15.4,11.5,6.4,0.8,-1.8,-2.27,5.9,14.77,6.23,6.16	49.0,47.0,62.0,68.0,86.0,107.0,119.0,98.0,73.0,52.0,59.0,57.0,153.0,216.0,324.0,184.0,877.0	Austria	Austria	False	False
136	Dambach_a9	9	Waldviertel	Germany	15.45	48.3167	511	C	Same locations used for multiple sites at multiple altitudes; need to check PhD thesis for additional location information (BD)	moss	hand picking	-45	A	False	EMPD1	Dambach, K. 2000: Ein Versuch zur Quantifizierung der gerodeten Landoberflache einzelner Landschaften Mitteleuropas mit Hilfe der Pollenanalyse. Dissertationes botanicae 336.	R/A	Dambach	K.	Karin	No information available	dambach@uni-hohenheim.de	-1.1,0.1,4.1,7.8,12.5,15.8,17.4,16.8,13.0,8.7,3.3,-0.2,-0.4,8.13,16.67,8.33,8.18	31.0,33.0,42.0,55.0,75.0,91.0,96.0,81.0,57.0,41.0,49.0,39.0,103.0,172.0,268.0,147.0,690.0	Austria	Austria	False	False
137	Dambach_a90	90	Waldviertel	Germany	15.1667	48.45	770	C	Same locations used for multiple sites at multiple altitudes; need to check PhD thesis for additional location information (BD)	moss	hand picking	-45	A	False	EMPD1	Dambach, K. 2000: Ein Versuch zur Quantifizierung der gerodeten Landoberflache einzelner Landschaften Mitteleuropas mit Hilfe der Pollenanalyse. Dissertationes botanicae 336.	R/A	Dambach	K.	Karin	No information available	dambach@uni-hohenheim.de	-3.0,-2.0,1.5,5.3,10.9,13.5,15.4,15.4,11.5,6.4,0.8,-1.8,-2.27,5.9,14.77,6.23,6.16	49.0,47.0,62.0,68.0,86.0,107.0,119.0,98.0,73.0,52.0,59.0,57.0,153.0,216.0,324.0,184.0,877.0	Austria	Austria	False	False
138	Dambach_a91	91	Waldviertel	Germany	15.1667	48.45	770	C	Same locations used for multiple sites at multiple altitudes; need to check PhD thesis for additional location information (BD)	moss	hand picking	-45	A	False	EMPD1	Dambach, K. 2000: Ein Versuch zur Quantifizierung der gerodeten Landoberflache einzelner Landschaften Mitteleuropas mit Hilfe der Pollenanalyse. Dissertationes botanicae 336.	R/A	Dambach	K.	Karin	No information available	dambach@uni-hohenheim.de	-3.0,-2.0,1.5,5.3,10.9,13.5,15.4,15.4,11.5,6.4,0.8,-1.8,-2.27,5.9,14.77,6.23,6.16	49.0,47.0,62.0,68.0,86.0,107.0,119.0,98.0,73.0,52.0,59.0,57.0,153.0,216.0,324.0,184.0,877.0	Austria	Austria	False	False
139	Dambach_a92	92	Waldviertel	Germany	15.1667	48.45	770	C	Same locations used for multiple sites at multiple altitudes; need to check PhD thesis for additional location information (BD)	moss	hand picking	-45	A	False	EMPD1	Dambach, K. 2000: Ein Versuch zur Quantifizierung der gerodeten Landoberflache einzelner Landschaften Mitteleuropas mit Hilfe der Pollenanalyse. Dissertationes botanicae 336.	R/A	Dambach	K.	Karin	No information available	dambach@uni-hohenheim.de	-3.0,-2.0,1.5,5.3,10.9,13.5,15.4,15.4,11.5,6.4,0.8,-1.8,-2.27,5.9,14.77,6.23,6.16	49.0,47.0,62.0,68.0,86.0,107.0,119.0,98.0,73.0,52.0,59.0,57.0,153.0,216.0,324.0,184.0,877.0	Austria	Austria	False	False
140	Dambach_a93	93	Waldviertel	Germany	15.1667	48.45	770	C	Same locations used for multiple sites at multiple altitudes; need to check PhD thesis for additional location information (BD)	moss	hand picking	-45	A	False	EMPD1	Dambach, K. 2000: Ein Versuch zur Quantifizierung der gerodeten Landoberflache einzelner Landschaften Mitteleuropas mit Hilfe der Pollenanalyse. Dissertationes botanicae 336.	R/A	Dambach	K.	Karin	No information available	dambach@uni-hohenheim.de	-3.0,-2.0,1.5,5.3,10.9,13.5,15.4,15.4,11.5,6.4,0.8,-1.8,-2.27,5.9,14.77,6.23,6.16	49.0,47.0,62.0,68.0,86.0,107.0,119.0,98.0,73.0,52.0,59.0,57.0,153.0,216.0,324.0,184.0,877.0	Austria	Austria	False	False
141	Dambach_a94	94	Waldviertel	Germany	15.1667	48.45	770	C	Same locations used for multiple sites at multiple altitudes; need to check PhD thesis for additional location information (BD)	moss	hand picking	-45	A	False	EMPD1	Dambach, K. 2000: Ein Versuch zur Quantifizierung der gerodeten Landoberflache einzelner Landschaften Mitteleuropas mit Hilfe der Pollenanalyse. Dissertationes botanicae 336.	R/A	Dambach	K.	Karin	No information available	dambach@uni-hohenheim.de	-3.0,-2.0,1.5,5.3,10.9,13.5,15.4,15.4,11.5,6.4,0.8,-1.8,-2.27,5.9,14.77,6.23,6.16	49.0,47.0,62.0,68.0,86.0,107.0,119.0,98.0,73.0,52.0,59.0,57.0,153.0,216.0,324.0,184.0,877.0	Austria	Austria	False	False
142	Dambach_a95	95	Waldviertel	Germany	15.1667	48.45	770	C	Same locations used for multiple sites at multiple altitudes; need to check PhD thesis for additional location information (BD)	moss	hand picking	-45	A	False	EMPD1	Dambach, K. 2000: Ein Versuch zur Quantifizierung der gerodeten Landoberflache einzelner Landschaften Mitteleuropas mit Hilfe der Pollenanalyse. Dissertationes botanicae 336.	R/A	Dambach	K.	Karin	No information available	dambach@uni-hohenheim.de	-3.0,-2.0,1.5,5.3,10.9,13.5,15.4,15.4,11.5,6.4,0.8,-1.8,-2.27,5.9,14.77,6.23,6.16	49.0,47.0,62.0,68.0,86.0,107.0,119.0,98.0,73.0,52.0,59.0,57.0,153.0,216.0,324.0,184.0,877.0	Austria	Austria	False	False
143	Dambach_a96	96	Waldviertel	Germany	15.1667	48.45	770	C	Same locations used for multiple sites at multiple altitudes; need to check PhD thesis for additional location information (BD)	moss	hand picking	-45	A	False	EMPD1	Dambach, K. 2000: Ein Versuch zur Quantifizierung der gerodeten Landoberflache einzelner Landschaften Mitteleuropas mit Hilfe der Pollenanalyse. Dissertationes botanicae 336.	R/A	Dambach	K.	Karin	No information available	dambach@uni-hohenheim.de	-3.0,-2.0,1.5,5.3,10.9,13.5,15.4,15.4,11.5,6.4,0.8,-1.8,-2.27,5.9,14.77,6.23,6.16	49.0,47.0,62.0,68.0,86.0,107.0,119.0,98.0,73.0,52.0,59.0,57.0,153.0,216.0,324.0,184.0,877.0	Austria	Austria	False	False
144	Dambach_a97	97	Waldviertel	Germany	15.1667	48.45	770	C	Same locations used for multiple sites at multiple altitudes; need to check PhD thesis for additional location information (BD)	moss	hand picking	-45	A	False	EMPD1	Dambach, K. 2000: Ein Versuch zur Quantifizierung der gerodeten Landoberflache einzelner Landschaften Mitteleuropas mit Hilfe der Pollenanalyse. Dissertationes botanicae 336.	R/A	Dambach	K.	Karin	No information available	dambach@uni-hohenheim.de	-3.0,-2.0,1.5,5.3,10.9,13.5,15.4,15.4,11.5,6.4,0.8,-1.8,-2.27,5.9,14.77,6.23,6.16	49.0,47.0,62.0,68.0,86.0,107.0,119.0,98.0,73.0,52.0,59.0,57.0,153.0,216.0,324.0,184.0,877.0	Austria	Austria	False	False
145	Dambach_a98	98	Waldviertel	Germany	15.1667	48.45	770	C	Same locations used for multiple sites at multiple altitudes; need to check PhD thesis for additional location information (BD)	moss	hand picking	-45	A	False	EMPD1	Dambach, K. 2000: Ein Versuch zur Quantifizierung der gerodeten Landoberflache einzelner Landschaften Mitteleuropas mit Hilfe der Pollenanalyse. Dissertationes botanicae 336.	R/A	Dambach	K.	Karin	No information available	dambach@uni-hohenheim.de	-3.0,-2.0,1.5,5.3,10.9,13.5,15.4,15.4,11.5,6.4,0.8,-1.8,-2.27,5.9,14.77,6.23,6.16	49.0,47.0,62.0,68.0,86.0,107.0,119.0,98.0,73.0,52.0,59.0,57.0,153.0,216.0,324.0,184.0,877.0	Austria	Austria	False	False
